Job,Salary,Company,Location
Analista de datos,"$47,000 - $53,000  Mensual",P3 IMPULSORES ESTRATEGICOS,CDMX
Analista de Datos,"$35,000  Mensual",Corporativo Mek de México,Ciudad de México
Analista de datos,,FIDELITY MARKETING S.A DE C.V,CDMX
Analista de datos,"$13,000 - $13,300  Mensual",Universidad Tecnológica de México,Ciudad de México
Analista de Datos,,Laboratorios Médicos del Chopo,CDMX
ANALISTA DE DATOS,"$8,500 - $9,000  Mensual",Conduent de México SA de CV,Chih.
Analista de datos,,Banamex,CDMX
Analista de Datos,"$7,500 - $8,500  Mensual",Grupo Comercial Control,Edo. Méx.​
Analista de datos,"$7,000 - $8,000  Mensual","Ediciones Larousse, S.A. de C.V.",CDMX
ANALISTA DE DATOS,"$12,000  Mensual",Auto Líneas América,Gto.
Analista de Datos,"$9,450 - $10,400  Mensual",GEPP,Jal.
Analista de datos,"$20,000 - $22,000  Mensual",JELTM ASESORES FISCALES,Ciudad de México
Analista de datos,"$25,000 - $28,000  Mensual",Adecco,Edo. Méx.​
Analista de datos,"$15,000 - $18,000  Mensual",,Chih.
Analista de datos,"$10,000 - $12,000  Mensual",KUKULCAN EXPRESS SA DE CV,Q. Roo
Analista de Datos,"$26,000  Mensual",Adecco,CDMX
Analista de datos,,"FARMACIA GUADALAJARA, S.A. DE C.V.",Jal.
Analista de Datos,"$15,000 - $20,000  Mensual",Encontrack SA de CV,CDMX
Analista de datos,,,N.L.
Analista de datos,"$9,000 - $11,500  Mensual","Finya, S.A. de C.V.",Ciudad de México
Analista de datos,"$20,000 - $25,000  Mensual","Junior de México, S.A. de C.V.",CDMX
Analista de datos,"$10,000 - $12,000  Mensual",LLantas Cavazos SA  de CV,N.L.
Analista de Datos,"$9,500 - $10,000  Mensual","Marzam, S.A de C.V.",CDMX
Analista de datos TI,"$35,000 - $45,000  Mensual",PROWORK,Pue.
ANALISTA DE DATOS,,EMBE PERSONAL S.A. DE C.V.,Yucatán
Analista de datos,"$12,000 - $15,000  Mensual",GAIM REGIOMONTANA S.A DE C.V,N.L.
Analista de datos,,Praxis,México
Analista de Datos Maestros,"$12,000 - $12,500  Mensual",Price Shoes,CDMX
Capturista y analista de datos,"$7,000 - $8,000  Mensual",Prefabricados y construcciones ind...,N.L.
ANALISTA DE DATOS SQL,"$23,000 - $25,000  Mensual",Banorte,CDMX
ANALISTA DE DATOS JR,,Santander,Ciudad de México
Analista de datos/ Inase,"$8,000 - $8,700  Mensual",Pepsico División Foods,Zac.
Analista de datos/ INASE,"$8,000 - $8,007  Mensual",Pepsico División Foods,Zac.
ANALISTA DE DATOS JR,"$12,000  Mensual",Banorte,N.L.
Analista de datos/inase,,Pepsico División Foods,Gto.
Analista de datos en Retail,"$16,000 - $20,000  Mensual",GRUPO EVOLVE INTERACTIVE S.C.,Ciudad de México
Analista de Datos (sucursal),"$17,000  Mensual",Banorte,N.L.
Analista de Datos SR,"$20,000  Mensual",Banorte,N.L.
Analista de datos BILINGUE,"$16,000 - $18,000  Mensual",,Chih.
Analista de Datos IT,"$20,000 - $24,000  Mensual",PSM Asesores,CDMX
ANALISTA DE DATOS MAESTROS,,Price Shoes,CDMX
Analista de Datos (Estadísticos),"$15,000 - $19,000  Mensual",,N.L.
Analista de datos maestros,,,N.L.
Analista de datos financieros,"$6,000 - $11,000  Mensual","FISOFO, S.A. DE C.V., SOFOM ER",Tamps.
Analista de datos-SAP,,Deloitte,Ciudad de México
Analista de datos BI,"$22,000 - $24,000  Mensual",Compras Centrales y Administración...,CDMX
Analista de datos maestros,,,Ciudad de México
Analista de datos y procesos,"$15,000 - $20,000  Mensual",CUATRO NETWORKS S DE RL DE CV,CDMX
Analista de Datos BI,,Tecnológico de Monterrey,N.L.
Analista de Datos Sr.,"$18,000 - $18,500  Mensual",PERFORMANCE AND PEOPLE CONSULTING SC,Ciudad de México
Analista de datos y procesos,,Grupo Salinas,CDMX
Analista de datos Comerciales,"$14,000 - $15,000  Mensual",SERVICIOS CORPORATIVOS FTM SC,Edo. Méx.​
Analista de datos maestros,"$12,000 - $13,000  Mensual",UNIDAD DE SERVICIOS COMPARTIDOS GI...,CDMX
Analista de Datos Jr.,"$20,000 - $25,000  Mensual",,CDMX
ANALISTA DE DATOS MAESTROS,,,CDMX
Analista Bases de datos,,,Ciudad de México
ANALISTA MINERIA DE DATOS,"$18,000 - $20,000  Mensual","Servicios TVM de México, S.A. de C...",CDMX
Analista Ciencia de Datos,"$18,000 - $20,000  Mensual",PLM PREMIER SAPI DE CV,CDMX
Analista base de datos,"$16,000 - $17,500  Mensual",,CDMX
Analista base de datos,"$13,000 - $18,000  Mensual",,N.L.
Analista de Datos Comerciales JR.,"$10,000  Mensual",UNIVERSIDAD UNIVER MILENIUM DEL ES...,CDMX
ANALISTA DE DATOS BI Y BA,"$25,400  Mensual",Administración Integral Firpo Izca...,Ciudad de México
Analista de datos Call Center,"$15,000 - $18,000  Mensual","PROFESIONALES, ASESORES CORPORATIV...",CDMX
CONSULTOR ANALISTA DE DATOS SQL,"$20,000 - $25,000  Mensual",Bintech S.A de C.V,Ciudad de México
ANALISTA DE DATOS (para agencia de mercadotecnia),"$12,687  Mensual",,CDMX
Analista de Datos y Operaciones Jr.,,"Operativo Evenplan, S.C.",CDMX
Analista de datos - Information Analyst,,Randstad,CDMX
"Analista de datos y riesgos, ecommerce","$15,000 - $16,000  Mensual",,CDMX
Analista de datos Excel avanzado,"$28,000 - $30,000  Mensual","PHARMACORE GROUP, SA de CV",Ciudad de México
Analista de Datos Contact Center,"$7,000 - $9,000  Mensual",CALLCOM SA DE CV,N.L.
Procesador y Analista de Datos/Planner,,3F BIENESTAR EMOCIONAL SA DE CV,Mor.
Analista de datos JR- REMOTO,"$18,000 - $20,000  Mensual",Softtek,México
*Analista de datos (google analytics)*,,Hitss,Ciudad de México
Becario Analista de Datos (RH),,Out Helping,Querétaro
Analista de datos y riesgos E-Commerce,"$16,000 - $18,000  Mensual",,CDMX
Analista de Datos (CRM) C10,,Banamex,CDMX
Analista de Negocio / Analista de datos IT,,,Jal.
Analista de Gestión de datos,,HORTIFRUT S.A. DE C.V.,Sin.
ANALISTA DE BASES DE DATOS,"$15,000 - $20,000  Mensual",Banorte,CDMX
Analista de base de datos,,Grupo Salinas,CDMX
Analista de base de datos,"$12,500  Mensual",Grupo Prom,Ciudad de México
Analista de Base de datos,"$8,000 - $8,500  Mensual",Pepsico División Foods,Oax.
Analista de Base de Datos,"$18,000  Mensual",F1 MANAGEMENT S.C,CDMX
Analista de base de datos,"$12,500  Mensual",Grupo Prom,Ciudad de México
ANALISTA DE BASES DE DATOS,,"Seguros Atlas, S.A.",CDMX
Analista de Base de Datos,,Grupo Salinas,CDMX
Analista de bases de datos,"$20,000 - $22,000  Mensual",KU-BO FINANCIERO SA DE CV SFP,México
Analista de base de datos,,Grupo Salinas,CDMX
Analista de base de datos,,Softtek,N.L.
Analista de Bases de Datos,"$20,000 - $22,600  Mensual",Grupo STT (oficina Sonora),Ciudad de México
Analista de Bases de Datos,"$20,000 - $22,600  Mensual",Grupo STT (oficina Sonora),Qro.
Analista de bases de datos,,,N.L.
Analista de bases de datos,"$12,999 - $13,000  Mensual",PONCOT,CDMX
Analista de Conciliación de Datos,"$18,000  Mensual",Banamex,Ciudad de México
Analista de bases de datos,,,Chih.
analista de bases de datos,"$8,000 - $10,000  Mensual",Latin America Business Consulting ...,Edo. Méx.​
Analista de bases de datos,,Santander,Qro.
ANALISTA DE BASES DE DATOS,,Grupo Salinas,CDMX
Analista de Base de Datos,"$16,000  Mensual",,CDMX
Analista de base de datos,"$13,500 - $17,000  Mensual",,N.L.
Analista de bases de datos / Ciencia en datos,"$8,750 - $10,000  Mensual","Computación, Datos y Tecnología, S...",Edo. Méx.​
Analista Gobierno de datos - BI,,Grupo Salinas,CDMX
Analista Base de Datos Sr (MIS),,"Asesores y Consultores, S.C.",CDMX
auditor/analista base de datos,"$30,000 - $35,000  Mensual",Grupo Salinas,CDMX
Analista de Datos y Negocios Financieros Jr.,,"Operativo Evenplan, S.C.",CDMX
ANALISTA DE DATOS - EXP. EN SQL Y PYTHON,,ILUMINACIÓN ESPECIALIZADA DE OCCID...,Jal.
Analista de Datos / Business Analytics Specialist,,"KANSAS CITY SOUTHERN DE MEXICO, S....",N.L.
Analista de base de datos (SQL),"$30,000 - $30,168  Mensual",Linde México,CDMX
Analista de bases de datos Jr.,"$10,000  Mensual",Te creemos Administración y Servic...,Ciudad de México
Analista de Base de Datos para Ventas,"$15,000 - $17,000  Mensual",Marketstrat,CDMX
Analista de bases de datos Excel,"$17,000 - $20,000  Mensual",,CDMX
ANALISTA DE BASE DE DATOS SQL,"$23,000 - $24,000  Mensual","XAALSA Empresarial, S.A. de C.V.",Ciudad de México
Analista de Bases de Datos ISS,,"Ferrocarril Mexicano, S.A. de C.V.",Ciudad de México
Analista de Bases de Datos Jr.,"$16,000  Mensual",,Ciudad de México
ANALISTA DE BASE DE DATOS BILINGÜE,"$25,000 - $30,000  Mensual",ISS Facility Services Mexico,Querétaro
Analista de Base de Datos y Modelos,"$25,000  Mensual","Manpower, S.A. de C.V.",Ciudad de México
Analista de base de datos / SQL,,Grupo Salinas,CDMX
Analista de Datos Bilingüe $18000 mas PL,"$18,000  Mensual","Atento Servicios, S. A. de C.V.",CDMX
Analista de datos contables y financieros- Proyecto Temporal,"$23,000 - $26,000  Mensual",Médica Sur,CDMX
PAE Vhsa Analista de Bases de Datos,"$17,000 - $20,000  Mensual",PAE DESARROLLADOR EMPRESARIAL DE L...,Ciudad de México
Analista de bases de datos - SQL Server,"$17,000  Mensual",CREDIFIEL,CDMX
Analista de base de datos Contact Center,"$15,000 - $18,000  Mensual",DIMEX CAPITAL,N.L.
Analista de base de datos Contact Center,"$15,000 - $18,000  Mensual",,N.L.
Analista de Datos Jr –Bilingüe Portugués (6 meses),"$15,000 - $16,000  Mensual","Bimbo, S.A. de C.V.",CDMX
Analista de datos RH (Power BI)/ Posición Temporal,"$18,000 - $21,000  Mensual",,CDMX
"Analista de Datos y Soporte IT - Lomas Verdes, Naucalpan","$19,200  Mensual",Kelly Services,Edo. Méx.​
Big Data Analytics Analista de Datos - SQL y POWER BI,"$17,600 - $19,000  Mensual",Grupo Salinas,CDMX
ANALISTA DE BASE DE DATOS COMERCIAL (CANAL DETALLE),,"Grupo Lala, S.A.",Ciudad de México
Analista Senior Base de datos - Power BI,,AON RISK SOLUTIONS AGENTE DE SEGUR...,CDMX
Analista de Bases de Datos SQL – Conocimiento en Desarrollo,,Softtek,Jal.
Analista de Bases de Datos SQL – Conocimiento en Desarrollo,,Softtek,Ciudad de México
Analista de base de datos Sr /Leader Business Intelligence,"$30,000  Mensual",,Ciudad de México
Analista / Desarrollador Base de Datos SQL-SqlServer- Oracle,,Branchbit,CDMX
Analista en sistemas/Bases de datos,"$16,000  Mensual",PAE DESARROLLADOR EMPRESARIAL DE L...,Ciudad de México
Analista de información (minería de datos),"$20,000 - $21,000  Mensual",Servicios Corporativos Contigo,Ciudad de México
Analista Jr en Bases de Datos,"$11,900  Mensual",Adecco,CDMX
Analista Intermedio de Administración de Datos/Información,,Banamex,Ciudad de México
Analista de inteligencia . ciencia de datos 	963519,,"Manpower, S.A. de C.V.",Querétaro
Analista Senior de Ingeniería de Datos (Senior Data Analyst),,Banamex,Ciudad de México
Analista Junior de Ingeniería de Datos (Junior Data Analyst),,Banamex,Ciudad de México
Analista de Desempeño Comercial,,INTERCAM BANCO SA INSTITUCION DE B...,CDMX
GERENTE BUSINESS INTELLIGENCE (TABLEAU),,Grupo Salinas,Ciudad de México
Consultor business Objects sap hana power bi TI,"$50,000 - $60,000  Mensual",Corporativo Laboral y Administrati...,Ciudad de México
Analista de la información BI Jr,"$12,000 - $15,000  Mensual",INTERCAM BANCO SA INSTITUCION DE B...,CDMX
ANALISTA DE COSTOS,"$15,000 - $19,000  Mensual","Laboratorios Russek, S. de R.L. de...",Edo. Méx.​
Analista business intelligence,"$25,000 - $28,000  Mensual",Walmart México,Ciudad de México
Analista data web,,Grupo Zorro Abarrotero,Edo. Méx.​
Analista TI,"$12,000 - $14,000  Mensual",EXHIBIDORA MEXICANA CINEPOLIS SA D...,Mich.
Analista de Sistemas Sr / SQL / SAP,"$35,000  Mensual",Administración Integral Firpo Izca...,Ciudad de México
Analista de Indicadores / San Angel,,Banamex,Ciudad de México
Analista Senior en Business Analytics C11,,Banamex,Ciudad de México
ANALISTA DE DATA ANALYTICS,,"Grupo Aeroportuario del Pacífico, ...",Jal.
Analista de Sistemas,"$17,000 - $17,100  Mensual",Femsa,Edo. Méx.​
Analista de Negocio Sr.- Privalia,,Grupo AXO,Edo. Méx.​
Consultor BO,"$50,000 - $60,000  Mensual",,CDMX
Analista de Costos,,Page Personnel,México
Analista de información MIS,"$18,000  Mensual",Grupo Salinas,CDMX
Analista de riesgo,"$18,000  Mensual","SERVICIOS ESPECIALIZADOS SIMEX, S....",CDMX
Analista de mesa de control,"$7,840 - $7,841  Mensual",Grupo Salinas,CDMX
Analista Jr TI,"$11,000 - $13,000  Mensual","Comercio Decmar, S.C",Edo. Méx.​
Analista planeación financiera,,"Herramental Monterrey, S.A.",N.L.
Analista Administrativo (Actuario),"$7,000 - $8,000  Mensual",Badak Soluciones SA de CV,CDMX
Analista de Mercados,"$12,000 - $15,000  Mensual",POLIFORMAS PLASTICAS SA DE CV,CDMX
ANALISTA COBRANZA - MX,,Pegaso PCS,Ciudad de México
Analista fiscal,"$17,000 - $19,000  Mensual",Desarrollos Planeados MMV S.A de C.V,N.L.
Analista de Conciliación Financiera,,WUHAN FIBERHOME INTERNATIONAL DE M...,CDMX
Analista seguros//Temporal,"$7,000 - $8,500  Mensual",Prestadora de Servicios Profesiona...,Gto.
Analista de Arrendamiento,,"Farmacias de Similares, S.A. de C....",CDMX
"Analista desarrollador java JR, Semi, Senior",,IRIUM MEXICO S.DR.L.DE C.V.,CDMX
Data analyst,"$28,000  Mensual",Kimberly-Clark de México,Ciudad de México
Data analyst,"$24,000 - $25,000  Mensual",Grupo American Industries,Chihuahua
Data Analyst,,Pepsico División Foods,México
Data analyst,,,Q. Roo
Data analyst,,,Ciudad de México
Data analyst,,BBVA Bancomer,CDMX
Data analyst,,BBVA Bancomer,CDMX
Data analyst,,HERBALIFE INTERNACIONAL DE MEXICO ...,Jal.
Data analyst,"$22,000 - $24,000  Mensual",,Ciudad de México
Data analyst,"$50,000 - $60,000  Mensual",Adecco,CDMX
Data analyst,"$25,000 - $32,000  Mensual",WIGGOT EVOLUCION INMOBILIARIA SAPI...,Jal.
Data Analyst,"$40,000 - $50,000  Mensual",,Querétaro
Data analyst,"$35,000  Mensual",,Ciudad de México
Data analyst,"$30,000 - $32,500  Mensual",InterWare,CDMX
Data analyst,"$20,000 - $22,000  Mensual",Thales Security Solutions Services,Mor.
Master data analyst,"$15,130 - $16,910  Mensual",Sandvik Mining and Construction de...,Jal.
OTC Data Analyst,,Johnson Controls,N.L.
OTC Data Analyst,,Johnson Controls,N.L.
Data Analyst Specialist,,,Qro.
Data analyst trainee,"$8,000 - $8,500  Mensual",Pocket de Latinoamerica SAPI de CV,Ciudad de México
Coordinación Data Analyst,"$25,000 - $30,000  Mensual",online ventures s a p i de CV,Ciudad de México
Data Analyst Jr,"$28,000 - $33,000  Mensual",AXA,CDMX
Business Data Analyst,,IBM de México,Jal.
Data Analyst Jr,,Softtek,N.L.
People Data Analyst,"$18,000 - $20,000  Mensual",PODER JUSTO S.A.P.I. de C.V.,CDMX
HR Data Analyst,"$18,000 - $25,000  Mensual",Adecco,CDMX
Sr. Data Analyst,,AutoZone,Chih.
Data Analyst - Compliance,,,Ciudad de México
Data Analyst & Modeler,,Indra,Ciudad de México
IT Data analyst,"$17,000 - $22,000  Mensual",,Son.
Master data analyst,,Eaton Corporation,Qro.
Business Data Analyst,"$26,000 - $28,000  Mensual","AIG Seguros Mexico, SA de C.V.",CDMX
Data Analyst Jr,"$28,000 - $35,000  Mensual",AXA,CDMX
Data Analyst (Web Analyst),"$130,000 - $145,000  Mensual",Starkejobs SC,México
Reporting Data Analyst SQL,,HERBALIFE INTERNACIONAL DE MEXICO ...,Jal.
Sr. Data Analyst-11,,Banamex,México
Finance and Data Analyst,,Medica Santa Carmen SAPI de CV,Qro.
Data Analyst ETL Remoto,"$39,000 - $40,000  Mensual","Manpower, S.A. de C.V.",CDMX
Auditor Ejecutivo/Data Analyst,,Randstad,CDMX
Cyber Security Data Analyst,"$30,000 - $35,000  Mensual",,CDMX
Customer Master Data Analyst,,SSS CARRIER S DE RL DE CV,N.L.
Data Analytics Analyst,,"American Express Company México, S...",Ciudad de México
Data Governance Analyst,,Pepsico División Foods,México
Data Quality Analyst,"$50,000 - $60,000  Mensual","Atento Servicios, S. A. de C.V.",CDMX
BI Data Quality Analyst,,GM FINANCIAL.,N.L.
Commercial Data Governance Analyst,,Pepsico División Foods,México
Analista Junior de Ingeniería de Datos (Junior Data Analyst),,Banamex,Ciudad de México
Analista Senior de Ingeniería de Datos (Senior Data Analyst),,Banamex,Ciudad de México
Business Analyst / Data Scientist,,Banamex,Ciudad de México
Data Science Senior Analyst,,Banamex,México
Data Architecture Lead Analyst,,Banamex,Ciudad de México
• Order Entry /Data Entry Analyst,"$16,000 - $18,000  Mensual",Grupo Assa Abloy,Jal.
Master Data Management Analyst (Ingles-Portugues),,Vertiv Mexico,N.L.
Data Solutions Management Analyst-1,,Banamex,Ciudad de México
Master Data Management Sr. Analyst,,Banamex,Ciudad de México
eCommerce Functional Analyst/Data Analytics,,Softtek,México
Info Sec Engineering Analyst – Data Protection / C12 (Divestiture),,Banamex,Ciudad de México
Info Sec Engineering Lead Analyst – Mainframe Data Protection / C13 (Divestiture),,Banamex,Ciudad de México
Recién Egresado Sistemas Computacionales INGLÉS AVANZADO / PAM Data Center Infrastructure Analyst 1 / C09 / R22052921,,Banamex,Querétaro
Data Warehouse Sr. Consultant,,Banamex,Ciudad de México
Data Warehouse Sr. Consultant,,Banamex,Ciudad de México
Campaign Strategy Intermediate Analyst,,Banamex,Ciudad de México
PAMIT Business Analyst,,Banamex,Ciudad de México
Compl Regulatory Inventory Support Sr Analyst,,Banamex,Ciudad de México
Abogado Regulatorio- Consumo (GCB),,Banamex,México
Real Estate Risk Analyst II,,Banamex,México
Space Management Requirement,,Tata Consultancy Services,México
Data Architect Lead,,Banamex,Ciudad de México
Sales Operations Analyst,"$23,000 - $23,100  Mensual","SSBCC México, S. de R.L. de C.V.",BC.
Business Intelligence Analyst,,Loréal México,México
Online Marketing Reporting Analyst,,UVI TECH SAPI DE CV,Ciudad de México
Vacante Gerencia de Producto MSI,,Banamex,Ciudad de México
Tech Owner Content Management,,Banamex,Ciudad de México
Regulatory Report R29,,Banamex,Ciudad de México
Treasury Risk Analyst Afore C10,,Banamex,Ciudad de México
Product Control Analyst,,Banamex,Ciudad de México
Officer - MCA Tester Data Chief Office C11,,Banamex,Ciudad de México
Fraud Ops Analyst 1,,Banamex,Ciudad de México
"Business Analyst , Ops Integration, Amazon Logistics",,SERVICIOS COMERCIALES AMAZON MEXIC...,Estado de México
Project Analyst,,Banamex,Ciudad de México
Data Engineering Manager - Workflows,,Banamex,Ciudad de México
"Business Analyst | Reforma, CDMX",,UVI TECH SAPI DE CV,Ciudad de México
Procurement Operations Analyst,,SERVICIOS COMERCIALES AMAZON MEXIC...,Estado de México
Ops Accounting Analyst 2,,Banamex,México
oficial de crédito hipotecario,,Banamex,México
Financial Analyst,,SERVICIOS COMERCIALES AMAZON MEXIC...,Edo. Méx.​
GYC - MCA Tester,,Banamex,Ciudad de México
Data/Information Mgt Int Anlst,,Banamex,Ciudad de México
CRM Analyst,,UVI TECH SAPI DE CV,Ciudad de México
"Commercial Carrier Analyst, 3P Commercial Carriers",,SERVICIOS COMERCIALES AMAZON MEXIC...,Estado de México
Corporate Banking Analyst,,Banamex,San Luis Potosí
DVC Project Implementation Supervisor,,Pepsico División Foods,México
Technology Workforce Analyst,,Banamex,Ciudad de México
Credit Analyst 1,,Banamex,México
PAM IT Database Administrator Specialist,,Banamex,Ciudad de México
MCA Tester ICG OTBRC_Operational Risk Analyst II,,Banamex,Ciudad de México
Operational Risk Sr Supervisor - ISSUE MANAGEMENT,,Banamex,Ciudad de México
OPS_D2_Proyect Analyst (ATMs_Autorizaciones),,Banamex,Ciudad de México
Testing Tech Lead Analyst,,Banamex,Ciudad de México
Model Governance Assistant Vice President,,Banamex,Ciudad de México
Compensation Intermediate Analyst,,Banamex,Ciudad de México
IT Business Analyst 2,,Banamex,Ciudad de México
CLU Credit Analyst C10,,Banamex,San Luis Potosí
Credit Analyst 2 - C11,,Banamex,Nuevo León
Credit Maint Analyst,,Banamex,Ciudad de México
Credit Maint Analyst,,Banamex,México
IT Project Intmd Analyst,,Banamex,Ciudad de México
VACANTE - Apps Dev Sr. Programmer Anlyst,,Banamex,Ciudad de México
IT Business Intmd Analyst,,Banamex,Ciudad de México
IT Business Intmd Analyst,,Banamex,Ciudad de México
Analyst-Compliance,,"American Express Company México, S...",Ciudad de México
Infrastructure Analyst,,Banamex,Ciudad de México
IT Business Sr Analyst,,Banamex,Ciudad de México
IT Business Sr Analyst,,Banamex,Ciudad de México
Financial Business Controller (Sr Analyst),,Banamex,Ciudad de México
Analista Financiero,,Bombardier Aerospace México,Qro.
"Payments Manager Last Mile, Amazon Logistics - Delivery Service Partner Program",,SERVICIOS COMERCIALES AMAZON MEXIC...,Estado de México
Digital Tech Control & Hygiene Analyst,,Banamex,Ciudad de México
MCA Tester,,Banamex,Ciudad de México
Testing Tech Lead Manager for Wealth Management,,Banamex,Ciudad de México
Human Resources Analyst,,SERVICIOS COMERCIALES AMAZON MEXIC...,Estado de México
Finance Rptg Sr. Analyst,,Banamex,Ciudad de México
Oficial de crédito Hipotecario MTY,,Banamex,México
Tech Lead ATM Cajeros Automaticos,,Banamex,Ciudad de México
Info Security Prof Senior Mgr,,Banamex,Ciudad de México
Compl Surveillance Analyst 2,,Banamex,Ciudad de México
Risk & Control Officer,,Banamex,Ciudad de México
Operational Risk Intmd Analyst - C11,,Banamex,México
"Program Manager, Quality HUB Delivery Manager, Last Mile Operations",,SERVICIOS COMERCIALES AMAZON MEXIC...,Estado de México
Commercial Analyst 2 - C11,,Banamex,México
Employee Relations Analyst - Investigations,,Banamex,México
D2- Compliance Risk Management Sr Analyst,,Banamex,Ciudad de México
Ops. Sup. Analyst 1,,Banamex,Ciudad de México
Credit Operations Analyst - Corporate Transactional Management,,Banamex,Ciudad de México
Vacante PAM - Tech Lead & Tech Owner,,Banamex,Ciudad de México
IT Business Unit Sr Analyst,,Banamex,Ciudad de México
Product Control Intmd Analyst,,Banamex,Ciudad de México
IT Governance Analyst,,Banamex,México
Apps Dev. Sr Programmer Analyst (Originación de Crédito),,Banamex,Ciudad de México
Product Control Global Spread Products (GSP) - Structured Credit & Securitized Trading (SCST) and Flow Trading Analyst 2,,Banamex,Ciudad de México
Info Sec Tech Lead Analyst - Tandem & Linux Platform / C13 (Divestiture),,Banamex,Ciudad de México
Business Intelligence Sr. Analyst,,Banamex,Ciudad de México
Policies & Regulation Manager – Data Office AVP C12,,Banamex,Ciudad de México
Process Control Sr. Analyst,,Banamex,Ciudad de México
Analista Operativo /Cash (Sector Público),,Banamex,Ciudad de México
D2- Operations and Systems Analyst,,Banamex,Ciudad de México
Compl AML Risk Mgt Analyst 2,,Banamex,Ciudad de México
Engineering and Architecture Governance Analyst,,Banamex,México
Engineering and Architecture Governance Analyst,,Banamex,México
Engineering and Architecture Governance Analyst,,Banamex,México
Engineering and Architecture Governance Analyst,,Banamex,México
Engineering and Architecture Governance Analyst,,Banamex,México
Credit Senior Analyst - C12,,Banamex,Ciudad de México
GYC MCA Sr Analyst,,Banamex,Ciudad de México
FP & A Lead Analyst,,Banamex,Ciudad de México
Project Finance Management Jr,,Banamex,Ciudad de México
System Analyst L2 100% Home Office,"$40,000 - $46,000  Mensual",Hitss,México
Líder Técnico - Digital S/W Eng Sr Analyst - C12,,Banamex,Ciudad de México
Info Sec Engineering Lead Analyst- Unisys Platform / C13 (Divestiture),,Banamex,Ciudad de México
CX Tech Lead / Sol Arch Servicios Digitales,,Banamex,Ciudad de México
Compensation Manager,,Banamex,México
Compl AML Rsk Mgmt Intmd Anlst,,Banamex,Ciudad de México
Analista Intermedio de Apoyo de Operaciones - Constancias Fiscales,,Banamex,Ciudad de México
Rates and Currencies Product Control Vice President Latam,,Banamex,México
Tech Lead CX Digital Wealth,,Banamex,Ciudad de México
IT Business Sr Analyst,,Banamex,México
Credit Portfolio Analyst I,,Banamex,Ciudad de México
Pricing Analyst,,Page Personnel,México
Payroll analyst,,HIRING SPACE SC,SLP.
IT Business Analyst,,Banamex,Ciudad de México
CIENTIFICO DE DATOS,,BanCoppel,Ciudad de México
CIENTIFICO DE DATOS,"$63,000  Mensual",,CDMX
Científico de datos,"$25,700  Mensual",Banorte,Ciudad de México
Científico de Datos,"$60,000 - $75,000  Mensual",Servicios Enki de Mexico SAPI de CV,CDMX
Científico de datos,,,CDMX
Científico de datos,"$28,000 - $32,000  Mensual",INSTITUTO DE FERTILIDAD Y GENETICA...,CDMX
Científico de datos,,BBVA Bancomer,CDMX
Científico de datos,,Tecnológico de Monterrey,N.L.
Científico de datos,"$39,000 - $41,000  Mensual",Sky,CDMX
Científico de datos,,Banorte,Ciudad de México
Científico de Datos,"$42,560  Mensual",Adecco,CDMX
Científico de datos,,,Nuevo León
CIENTIFICO DE DATOS,"$56,860  Mensual",Banorte,Ciudad de México
Cientifico de Datos,"$45,000 - $50,000  Mensual",Monterrey IT Cluster,N.L.
CIENTÍFICO(A) DE DATOS,,EMBE PERSONAL S.A. DE C.V.,Yucatán
Especialista Científico de datos,,"Apoyo al Desarrollo Mexicano, S.C.",Pue.
Científico de Datos Experto,"$60,000 - $70,000  Mensual",,Ciudad de México
Científico de datos Jr,,KU-BO FINANCIERO SA DE CV SFP,Ciudad de México
Científico de Datos Senior,"$42,000 - $42,500  Mensual",Adecco,CDMX
CIENTIFICO DE DATOS / MACHING LEARNING,"$56,000 - $56,800  Mensual",Banorte,CDMX
CIENTIFICO DE DATOS-VACANTE TEMPORAL DE 6 MESES -ALSEA,"$26,000 - $27,000  Mensual",OPERACION INTEGRAL DE RECURSOS SC,CDMX
Especialista en Servicio Especializado de Grandes Datos,,Sinergia de Negocio Consultores,Edo. Méx.​
Especialista en Servicio Especializado de Grandes Datos,,Sinergia de Negocio Consultores,Qro.
Gerente de Analítica Avanzada TLALPAN,,Grupo Salinas,CDMX
Analista data web,,Grupo Zorro Abarrotero,Edo. Méx.​
Jefe de sistemas y facturación,"$12,000  Mensual",,Edo. Méx.​
Consultor Jr. Proyectos Comerciales,,"Operativo Evenplan, S.C.",CDMX
GERENTE DE ANALITICA,"$25,000 - $25,700  Mensual",Banorte,CDMX
Associate Data Scientist,,BBVA Bancomer,CDMX
Técnico Laboratorista Clínico - Proyecto para farmacias,,,Ciudad de México
Soporte técnico,"$15,000 - $16,000  Mensual",Comercial de Carnes Frías del Nort...,BC.
Analista de Sistemas,"$17,000 - $17,100  Mensual",Femsa,Edo. Méx.​
Especialista Oracle,,TECNOMOTUM SAPI DE CV,Ciudad de México
Ing de Datos TI Tableau,,MOVIT SOLUTION GROUP SA DE CV,N.L.
Practicante,,DIMEX CAPITAL,N.L.
CONSULTOR MINERO DE DATOS (ANALISIS DE DATOS),"$32,000 - $37,000  Mensual","AVP Support & Solutions, S.A. de C...",Ciudad de México
Ingeniero de soporte ERP,"$11,000 - $13,000  Mensual",Grupo Inmobiliario Alhel,CDMX
Técnico en sistemas,,CAPILLAS JARDIN DE LA ORACION SA D...,Chih.
Auxiliar de Operaciones,"$20,000  Mensual",Out Helping,Qro.
SUPERVISOR (A) TECNICO GESTION EN SITIO,"$30,000 - $35,000  Mensual",,N.L.
Analista de sistemas,"$13,000 - $14,000  Mensual",,Gto.
Administrador de bases de datos,"$23,000 - $28,000  Mensual",DATALOGIC SA de CV,N.L.
Ingeniero especializado,,"Sistemas Especializados Brain, S.A...",Ciudad de México
Técnico instalador,"$7,000 - $10,000  Mensual",SISTEMTRONIC,Jal.
Coordinador de TI,"$30,000 - $35,000  Mensual",Manava proyecto humano,CDMX
Soporte técnico y de aplicaciones,"$8,000 - $8,500  Mensual",Tecnologías Avanzadas en Sistemas ...,N.L.
Analista Especializado de Información // PLD,,"CIBANCO, S.A. INSTITUCION DE BANCA...",CDMX
CUENTAS POR COBRAR BASICO,"$9,000  Mensual",PONCOT,CDMX
Data Tech Lead,,UVI TECH SAPI DE CV,Ciudad de México
U Anáhuac Pue- Programador JR,,"Apoyo al Desarrollo Mexicano, S.C.",Pue.
Ingeniero especializado,,"Sistemas Especializados Brain, S.A...",Ciudad de México
Científicos de Datos / Especialistas en Analítica TLALPAN,,Grupo Salinas,CDMX
Arquitecto de Datos,,Tecnológico de Monterrey,N.L.
TECNICO ELECTROMECANICO,"$8,000 - $12,000  Mensual",FRESCARVAT,Ciudad de México
Desarrollador Oracle,,Softtek,CDMX
Analista Especializado de Información (Normatividad),,"CIBANCO, S.A. INSTITUCION DE BANCA...",CDMX
Auditor ti,,KIO NETWORKS,Ciudad de México
Ingeniero de sistemas,"$10,000 - $10,500  Mensual","MANSI SERVICIOS, S.C.",Edo. Méx.​
TECNICO EN AIRE ACONDICIONADO,"$9,000 - $12,000  Mensual",FRESCARVAT,Ciudad de México
ML ENGINEER,"$56,000 - $56,850  Mensual",Banorte,CDMX
Chapter Lead iOS,,UVI TECH SAPI DE CV,Ciudad de México
Tecnico de Calidad,,Sanmina SCI,Jal.
Analista de mesa de ayuda primer nivel y segundo nivel,,CARCAMOVIL MEXICO SA DE CV,Edo. Méx.​
OPERADOR (A) MESA DE SERVICIO,"$13,000 - $15,000  Mensual",,Ciudad de México
Entrenador de Capacitación,,SERVICIOS COMERCIALES AMAZON MEXIC...,Estado de México
Entrenador de Capacitación,,SERVICIOS COMERCIALES AMAZON MEXIC...,Estado de México
Entrenador de Capacitación,,SERVICIOS COMERCIALES AMAZON MEXIC...,Estado de México
Desarrollador móvil,,Iktan Solutions,Ciudad de México
Fullstack developer,,,Ciudad de México
Technical Manager,,UVI TECH SAPI DE CV,México
Data engineer,"$30,000 - $40,000  Mensual",M&GT Consulting,Ciudad de México
Tech Lead,,UVI TECH SAPI DE CV,Ciudad de México
Técnico líder de mantenimiento - PI El Marqués,"$16,000 - $18,000  Mensual",,Qro.
Ejecutivo de ventas internacionales,"$12,000 - $15,000  Mensual",BIOPLASTICOS Y POLIMEROS BIOFASE S...,N.L.
Software development performance engineer,,"Infotree Servicios México, S.A. de...",México
Arquitecto de soluciones senior,"$65,000 - $80,000  Mensual",CREDICLUB SA DE CV SOCIEDAD FINANC...,N.L.
Soporte técnico,"$10,000  Mensual",DESARROLLO COMERCIA ABARROTERO SA ...,Gto.
Técnico De Mantenimiento Cabinas,,BASF,Edo. Méx.​
Líder técnico Full Stack Java,,Praxis,Ciudad de México
Técnico en reparación de celulares,"$6,500 - $6,800  Mensual",SLIM ONLINE S. de R.L de C.V.,Edo. Méx.​
COORDINADOR TELEMARKETING PREPAGO - MX,,Pegaso PCS,Ciudad de México
Técnico de Ingeniería de Procesos,,North American Production Sharing ...,BC.
Técnico de Ingeniería de Procesos,,North American Production Sharing ...,BC.
Ingeniero Desarrollador Web,,Santander,Querétaro
Chapter Lead Android,,UVI TECH SAPI DE CV,Ciudad de México
Soporte Tecnico y Seguridad Informatica,"$13,000 - $18,000  Mensual",KLS SA DE CV,N.L.
Programador Cobol,"$35,000 - $38,000  Mensual",Impacto Estratégico Consulting Gro...,Ciudad de México
SecOps Lead,,UVI TECH SAPI DE CV,México
Arquitecto Middleware Integraciones - Proyecto,,Tecnológico de Monterrey,N.L.
Docente de asignatura nivel licenciatura,"$8,000  Mensual",Universidad del Valle de México,Qro.
Torre de Control CCB ComplAML KYC Analyst 2,,Banamex,Ciudad de México
Lider Analista Técnico de Desarrollo de Aplicaciones Mainframe,,Banamex,Ciudad de México
Gerente de UX,"$40,000 - $50,000  Mensual",CREDICLUB SA DE CV SOCIEDAD FINANC...,N.L.
ESPECIALISTA SISTEMAS - MX,,Pegaso PCS,Ciudad de México
Coordinador de Desarrollo e Investigación,"$25,000  Mensual",SINTESIS Y FORMULACIONES DE ALTA T...,Edo. Méx.​
Coordinador de sistemas,,EQUIPOS DE BIOMEDICINA DE MEXICO S...,Jal.
Analista de Sistemas Sr / SQL / SAP,"$35,000  Mensual",Administración Integral Firpo Izca...,Ciudad de México
Ingeniero de Calidad de Datos Sr/ Empresa Internacional,"$40,000 - $45,000  Mensual",,Ciudad de México
Data - Information Regulatory Reporting Sr Anlst - C12,,Banamex,Ciudad de México
Practicante de Soporte Técnico,"$5,500 - $6,000  Mensual",Distribuidora Maico de México S.A....,N.L.
Regulatory Report R29 preparer Support,,Banamex,Ciudad de México
Coordinador de operaciones,,Adecco,Ciudad de México
Analista de Desempeño Comercial,,INTERCAM BANCO SA INSTITUCION DE B...,CDMX
Operador Monitoreo de Aplicaciones,,Indra,Ciudad de México
Data - Regulatory Report Preparer support,,Banamex,Ciudad de México
ANALISTA PROGRAMADOR .NET MVC,"$12,000 - $17,000  Mensual",,N.L.
Ejecutivo comercial especializado,"$9,000 - $11,000  Mensual",,Chih.
Líder Analista Técnico de Desarrollo de aplicaciones Mainframe,,Banamex,Ciudad de México
IT Helpdesk Analyst,,"PRODENSA SERVICIOS DE CONSULTORIA,...",N.L.
IT ANALISTA DE NEGOCIOS TUXEDO - Conocimiento Financiero,,Banamex,Ciudad de México
Gerente de Operación y Administración de Base de Datos,,Banregio,N.L.
Production Planning & Control Supervisor,,Banamex,Ciudad de México
Comprador senior,"$18,000 - $23,000  Mensual",,CDMX
Especialista en Sistemas,,Banamex,Ciudad de México
Desarrollador PHP,"$25,000  Mensual",,Ciudad de México
PREVENTA BUILDING,"$45,000 - $50,000  Mensual",,Chih.
PREVENTA BUILDING,"$40,000 - $50,000  Mensual",,BC.
PREVENTA BUILDING,"$40,000 - $50,000  Mensual",,Son.
Hardware Test & Qualification Technician I,"$19,000 - $21,000  Mensual",Harman de México S de RL de CV.,Qro.
Analista Intermedio Contable,,Banamex,Ciudad de México
Desarrollador PHP con Laravel,"$25,000  Mensual",,Ciudad de México
Administrativo especializado nivel l 199,,NUEVA WAL MART DE MEXICO S DE RL D...,Edo. Méx.​
Process mining / análisis de datos/ data scientist,,"GTIM SOFTWARE PROJECTS, S. DE R.L....",Ciudad de México
Analista de Administración del Desempeño de Productos,,Banamex,Ciudad de México
Analista de la información BI Jr,"$12,000 - $15,000  Mensual",INTERCAM BANCO SA INSTITUCION DE B...,CDMX
Líder Técnico Java / Big Data / C12 / (R22033566),,Banamex,Ciudad de México
Auxiliar de Seguridad Informatica,,Operadora de Servicios Paquetexpre...,Sin.
Ingeniero de industrialización,,"AFL Telecomunicaciones de México, ...",N.L.
Ingeniero Field Service,,AXTEL SAB DE CV,Ciudad de México
ANALISTA CONTRATACION,"$11,582  Mensual",Grupo Nacional Provincial,Qro.
Compl AML Rsk Mgmt Intmd Anlst,,Banamex,Ciudad de México
Analista de Cuentas por Pagar,,CBRE,CDMX
Asesor de ventas Interés Social,,CASAS JAVER SA DE CV,Q. Roo
ASESOR TECNICO - ALIMENTOS,"$25,000 - $30,000  Mensual",POCHTECA SERVICIOS ADMINISTRATIVOS...,Querétaro
**JEFE DE SISTEMAS**,"$20,000 - $22,000  Mensual",,Edo. Méx.​
ANALISTA USA,"$17,500  Mensual",Adecco,Ciudad de México
Desarrollador de software,"$28,000 - $33,000  Mensual",Daltum Systems S.A de C.V.,BC.
Tecnico de controles,,Johnson Controls,N.L.
Auxiliar de Anestesia,"$10,000  Mensual","Operativo Evenplan, S.C.",Chih.
"Gerente(a) de Arquitectura, Infraestructura e Innovación TI",,,Jal.
Especialista en infraestructura TI,,,Qro.
Especialista en sistemas,"$20,000  Mensual",Banamex,Ciudad de México
Operador de Panta de Cogeneración-Electromecánico,"$12,000  Mensual","ELECTRIZ, S.A. DE C.V.",Jal.
Backend developer,"$45,000 - $55,000  Mensual",,Ciudad de México
AUXILIAR DE ANESTESIA / ENFERMERIA / NIVEL NACIONAL,,"Operativo Evenplan, S.C.",CDMX
Técnico en aire Acondicionado de Precisión,"$11,000 - $14,000  Mensual",CALA ingenieria y Desarrollo s.a d...,N.L.
Asesor de Soporte Técnico (Aspel),,"Aspel de México, S.A. de C.V.",México
Sr. Backend Developer (.Net C#),,ARK SOFTWARE S.A.S.,Chih.
Sr. Backend Developer (.Net C#),,ARK SOFTWARE S.A.S.,Chih.
APLICADOR DE ESTUDIOS SOCIOECONÓMICOS,"$6,500  Mensual",Asociación Mexicana de Distribuido...,Tabasco
Coordinador de mantenimiento,,Gigante Verde S de RL de CV,Gto.
Ingeniero en sistemas,"$12,000 - $13,000  Mensual",DESARROLLO INTEGRAL CONSTRUCTIVO S...,Ciudad de México
Ingeniero de Soporte Sr.,"$80,000 - $90,000  Mensual","Manpower, S.A. de C.V.",México
Ingeniero de soporte en sitio,"$16,000 - $18,000  Mensual",Grupo Salinas,CDMX
coordinación telemarketing prepago,"$37,000 - $39,000  Mensual",Pegaso PCS,CDMX
Tecnico de Mantenimiento de Pruebas,"$15,000 - $25,000  Mensual",CONTINENTAL AUTOMOTIVE GUADALAJARA...,Aguascalientes
PROGRAMADOR/A DE MANTENIMIENTO,"$13,000 - $14,400  Mensual",Bio Pappel Packaging,Jal.
Arquitecto de soluciones de Datos,"$50,000 - $58,000  Mensual",BBVA Bancomer,CDMX
Ejecutivo telefónico especializado,"$15,005 - $15,500  Mensual",Randstad,Ciudad de México
Desarrollador C# Junior,"$15,999 - $16,000  Mensual","Manpower, S.A. de C.V.",CDMX
SAP CPI,"$75,000 - $80,000  Mensual",Together Tecnologías Especialistas...,Jal.
Reinsurance Administrative Leader,,"Chubb Servicios México, S.A. de C.V.",Ciudad de México
Scrum master,"$32,000 - $33,000  Mensual",Corus Systems & Consulting Inc,Ciudad de México
Data scientist,,BBVA Bancomer,CDMX
Data Scientist,,,Ciudad de México
Data Scientist,"$70,000 - $73,000  Mensual",Indra,CDMX
Data scientist,"$40,000 - $50,000  Mensual",DIGITALAGILITY S DE RL DE CV,Ciudad de México
Data Scientist,"$40,000 - $45,000  Mensual",PODER JUSTO S.A.P.I. de C.V.,CDMX
Data Scientist,,Indra,Ciudad de México
Data Scientist,,Softtek,México
Data scientist,,"Internacional de Sistemas, S.A. De...",México
Data Scientist - Data Engineer,,Ernst & Young,CDMX
DATA SCIENTIST- MX,,Pegaso PCS,Ciudad de México
Senior Data Scientist,,Banamex,Ciudad de México
Senior Data Scientist,,Banamex,Ciudad de México
Associate Data Scientist,,BBVA Bancomer,CDMX
Senior Data Scientist,,BBVA Bancomer,Ciudad de México
Data Scientist Distribución,"$61,400  Mensual","CEMEX CENTRAL , S.A. DE C.V.",N.L.
AZURE DATA SCIENTIST,,CPI AIM de México,Ciudad de México
Senior Data Scientist,"$65,000 - $73,000  Mensual",Axented Digital Communications SA ...,N.L.
Data Scientist BI,,COMPLEX ADAPTIVE SYSTEMS SAPI DE CV,Ciudad de México
Senior Data Scientist,"$40,000  Mensual",Adecco,Ciudad de México
Data scientist jr,,Teleperformance,Ciudad de México
Data scientist jr,,Teleperformance,Jal.
Data scientist jr,,Teleperformance,N.L.
Business Analyst / Data Scientist,,Banamex,Ciudad de México
Data Scientist Jr (C10),,Banamex,Ciudad de México
Data Scientist for Pricing(Machine Learning),,UVI TECH SAPI DE CV,México
Data Scientist for Financing (Machine Learning),,UVI TECH SAPI DE CV,México
Process mining / análisis de datos/ data scientist,,"GTIM SOFTWARE PROJECTS, S. DE R.L....",Ciudad de México
Lead Risk and Fraud Data Scientist,,,México
Data Scientist - INGLES 90 -100% MEXICO,,SERVICIOS AXITY MEXICO S DE RL DE CV,Ciudad de México
Analista Senior en Business Analytics C11,,Banamex,Ciudad de México
Data scientists (C11),,Banamex,Ciudad de México
Campaign Strategy Intermediate Analyst,,Banamex,Ciudad de México
Process Mining,,"GTIM SOFTWARE PROJECTS, S. DE R.L....",Ciudad de México
BUSINESS INTELLIGENCE / BI,,,Jal.
Retail Buyer Jr,,Auto Zone,N.L.
R&D Product Developer Analyst,,Pepsico División Foods,México
Ingeniero de datos,"$20,000 - $27,000  Mensual",Daltum Systems S.A de C.V.,N.L.
Senior Data Engineer,,Unilink,N.L.
BUSINESS INTELLIGENCE / DATA WAREHOUSE / MODELADO DE DATOS,,,Jal.
Comprador JR,,Auto Zone,N.L.
Machine Learning Engineer Jr. AI Factory. (CDMX),,BBVA Bancomer,CDMX
Machine Learning Engineer Sr. AI Factory. (CDMX),,BBVA Bancomer,CDMX
Machine Learning Engineer Mid. AI Factory. (CDMX),,BBVA Bancomer,CDMX
Product Owner,,Encontrack SA de CV,Qro.
Devops engineer,,DATA ARQUITECTURE AND TECHNOLOGY M...,CDMX
Data architect manager,"$60,000 - $65,000  Mensual",Vidanta,Jal.
Reclutador de Data & Analytics,,Neoris(CEMTEC),CDMX
Data Sciencie Senior,"$42,000 - $42,500  Mensual",Adecco,CDMX
Científico de Datos,"$42,560  Mensual",Adecco,CDMX
Head of Analytics,,Michael Page,México
PHP / Laravel Developer,"$70,000 - $75,000  Mensual",Addon Technologies Inc.,México
Hiring Developer,"$70,000 - $75,000  Mensual",Addon Technologies Inc.,Ciudad de México
Data science Senior,"$42,000 - $42,500  Mensual",Adecco,CDMX
Científico de Datos Senior,"$42,000 - $42,500  Mensual",Adecco,CDMX
Ingeniero de datos,"$40,000 - $45,000  Mensual",Latin America Business Consulting ...,Ciudad de México
Ingeniero de datos,,Liverpool,CDMX
Ingeniero de Datos,"$85,000 - $87,000  Mensual",AIT VANGUARDIA TECNOLÓGICA S. DE R...,CDMX
Ingeniero de datos,,Celulares y accesorios del Sureste...,Yuc.
Ingeniero de datos,"$20,000 - $27,000  Mensual",Daltum Systems S.A de C.V.,N.L.
Ingeniero de datos,,,Ciudad de México
Ingeniero de Datos,,,Chih.
Ingeniero de Datos,,Interware,Ciudad de México
Ingeniero de datos,"$31,000 - $32,000  Mensual",Sky,CDMX
Ingeniero de Datos,,Michael Page,México
Ingeniero de Datos,,Michael Page,Sin.
Ingeniero de Datos,"$30,000 - $40,000  Mensual",Consiss,N.L.
Ingeniero de datos,"$40,000 - $44,700  Mensual",AIT VANGUARDIA TECNOLÓGICA S. DE R...,CDMX
Ingeniero de Datos Azure,"$40,000 - $47,000  Mensual",,Ciudad de México
INGENIERO DE DATOS (CE),"$35,000 - $40,000  Mensual","Office Depot de México, S.A. De C.V.",Ciudad de México
Ingeniero de datos MS,"$45,000 - $50,000  Mensual",,N.L.
INGENIERO DE DATOS (AWS),,MOVIT SOLUTION GROUP SA DE CV,N.L.
Ingeniero de datos Jr.,,Grupo Salinas,CDMX
Líder de Ingeniero de Datos,,Interware,Ciudad de México
Ingeniero Modelador de Datos,"$50,000  Mensual",,CDMX
INGENIERO GOBIERNO DE DATOS,"$35,000 - $37,000  Mensual",Sky,CDMX
Ingeniero de datos AWS / Phyton,,SYGNO,N.L.
Ingeniero de Datos ( big data),"$49,000 - $50,000  Mensual",,Ciudad de México
Ingeniero de bases de datos,,Kasai Mexicana,Gto.
Ingeniero en Redes y Datos,,AXTEL SAB DE CV,N.L.
Ingeniero Admón. Incidentes Datos,,AXTEL SAB DE CV,N.L.
Ingeniero de Datos Sr AXA Seguros,"$45,000 - $55,000  Mensual",AXA,CDMX
Ingeniero Sistemas (Base de Datos),,,BC.
Ingeniero de calidad de datos sr,"$40,000 - $45,000  Mensual",AIT VANGUARDIA TECNOLÓGICA S. DE R...,Ciudad de México
Ingeniero de Datos Sr.-Shasa Corporativo Lerma,,"MUNDISOURCE, SA DE CV",Edo. Méx.​
Ingeniero de Calidad de Datos Sr/ Empresa Internacional,"$40,000 - $45,000  Mensual",,Ciudad de México
Ingeniero de Preventa Datos Jr. | RECIEN EGRESADO CON TITULO,,Reto Industrial,Edo. Méx.​
CIENTIFICO DE DATOS / MACHING LEARNING,"$56,000 - $56,800  Mensual",Banorte,CDMX
Analista de base de datos (SQL),"$30,000 - $30,168  Mensual",Linde México,CDMX
Jefe de Diseño MEP,"$45,000 - $50,000  Mensual",QCH S A P I DE CV,N.L.
Ingeniero Google Cloud,"$30,000 - $31,000  Mensual",INETUM HOLDING MEXICO SA DE CV,Ciudad de México
Ingeniero en sistemas computacionales,"$6,000 - $10,000  Mensual",DAKAR IT S.A de C.V,CDMX
Ingeniero de FullStack,,Centro de Adquisición de Talento R...,Jal.
Docente de asignatura nivel licenciatura,"$8,000  Mensual",Universidad del Valle de México,Qro.
Técnico de Ingeniería de Procesos,,North American Production Sharing ...,BC.
Jefe de tecnologías de la información,"$17,000 - $20,000  Mensual",ZAPATERIA LA GRAN PLAZA SAPI DE CV,Qro.
Data engineer,"$30,000 - $40,000  Mensual",Pocket de Latinoamerica SAPI de CV,Ciudad de México
Ingeniero de soporte ERP,"$11,000 - $13,000  Mensual",Grupo Inmobiliario Alhel,CDMX
Big Data Engineet,"$95,000 - $100,000  Mensual",TECNOLOGIA Y SERVICIOS S21 S.A. de...,México
Ingeniero de proyectos (soporte),"$12,000 - $14,000  Mensual",Portenntum de México,N.L.
Coordinador de TI,"$30,000 - $35,000  Mensual",Manava proyecto humano,CDMX
Ingeniero especializado,,"Sistemas Especializados Brain, S.A...",Ciudad de México
SUPERVISOR (A) TECNICO GESTION EN SITIO,"$30,000 - $35,000  Mensual",,N.L.
Ingeniero de Electromecánica,,AXTEL SAB DE CV,N.L.
Ingeniero especializado,,"Sistemas Especializados Brain, S.A...",Ciudad de México
Residente de instalaciones MEP,"$16,000 - $18,000  Mensual","Operadora ATXK, S.A.P.I. de CV",Jal.
Ingeniero de ciberseguridad,,CONSULTORIA Y CAPACITACION EN SOLU...,Ciudad de México
Ingeniero Mesa de Servicios Telco,,AXTEL SAB DE CV,N.L.
Becario de para el Área de Compras – Tlajomulco de Zuñiga,"$6,000  Mensual",Sociedad Nacional Promotora de Bec...,Jal.
Business analyst,"$9,000 - $12,000  Mensual",Team Builder S. de R. L. de C. V.,Ciudad de México
OPERADOR (A) MESA DE SERVICIO,"$13,000 - $15,000  Mensual",,Ciudad de México
Data Engineer (C10),,Banamex,Ciudad de México
Asset Performance Management,,AXIEM MEXICO S DE RL DE CV,Qro.
INSTRUCTOR MANEJO,"$14,000  Mensual",Femsa,Tamps.
Ingeniero SRE Sr.,,ProceTI,N.L.
Data Engineer (C11),,Banamex,Ciudad de México
Analista business intelligence,"$25,000 - $28,000  Mensual",Walmart México,Ciudad de México
INGENIERO ELECTRICO,,,N.L.
Ingeniero N1 - Querétaro,,KIO NETWORKS,Qro.
Backend Software Engineer,,UVI TECH SAPI DE CV,Ciudad de México
Consultor de Datos JR,"$25,000 - $35,000  Mensual",,CDMX
Data Engineer (C12),,Banamex,Ciudad de México
Android Software Engineer,,UVI TECH SAPI DE CV,Ciudad de México
SecOps Lead,,UVI TECH SAPI DE CV,México
Ingeniero Desarrollador Web,,Santander,Querétaro
Application Security Engineer,,UVI TECH SAPI DE CV,Ciudad de México
Soporte de Aplicaciones,,UVI TECH SAPI DE CV,Ciudad de México
INGENIERO DE CALIDAD,"$35,000 - $40,000  Mensual",,Estado de México
Ingeniero Programador,"$18,000 - $24,000  Mensual",Multimedia,N.L.
Ingeniero de industrialización,,"AFL Telecomunicaciones de México, ...",N.L.
Ingeniero Programador para Crestron Latinoamericana,"$23,000 - $26,000  Mensual",Multimedia,Ciudad de México
Ingeniero Mesa de Servicio,,AXTEL SAB DE CV,Ciudad de México
Ingeniero Field Service,,AXTEL SAB DE CV,Ciudad de México
DBA SQL SERVER,,BANCO DEL BAJIO S.A.,Gto.
Líder Técnico Java / Big Data / C12 / (R22033566),,Banamex,Ciudad de México
Ingeniero de Ingeniería Civil,,AXTEL SAB DE CV,N.L.
Asistente de ingeniera de procesos,"$9,000 - $10,000  Mensual",,Jal.
Ingeniero de sistemas,"$10,000 - $10,500  Mensual","MANSI SERVICIOS, S.C.",Edo. Méx.​
PROGRAMADOR ANGULAR,,,CDMX
Desarrollador Java Sr,"$35,000 - $44,000  Mensual",Alia,CDMX
Ingeniero de soporte en sitio,"$16,000 - $18,000  Mensual",Grupo Salinas,CDMX
Ingeniero de seguridad e higiene,"$15,000 - $18,000  Mensual",Exportadora de Postes GDL SA de CV,Jal.
PREVENTA BUILDING,"$45,000 - $50,000  Mensual",,Chih.
PREVENTA BUILDING,"$40,000 - $50,000  Mensual",,BC.
PREVENTA BUILDING,"$40,000 - $50,000  Mensual",,Son.
Practicante de Soporte Técnico,"$5,500 - $6,000  Mensual",Distribuidora Maico de México S.A....,N.L.
Analista de Datos,"$35,000  Mensual",Corporativo Mek de México,Ciudad de México
Auditor TI,,SURA México,Ciudad de México
It project manager,"$25,000 - $28,000  Mensual",,Ciudad de México
Ejecutivo de Ventas Telecomunicaciones,"$15,000  Mensual",FACTOR X CHATBOT FACTORY SC,Qro.
Applications engineer,,North American Production Sharing ...,BC.
AUDITOS DE PROCESO DE SEGUROS AUTOS,,BBVA Bancomer,Mich.
Ingeniero de Soporte Sr.,"$80,000 - $90,000  Mensual","Manpower, S.A. de C.V.",México
Desarrollo Web y Contenido de Producto,,Proveedora de Seguridad Industrial...,CDMX
Ingeniero desarrollador,"$27,000  Mensual",,CDMX
Operador de Panta de Cogeneración-Electromecánico,"$12,000  Mensual","ELECTRIZ, S.A. DE C.V.",Jal.
Ingeniero Programador SQL,"$20,000 - $22,000  Mensual",Reto Industrial,Edo. Méx.​
Ingeniero de Empaque Jr,,"Probiomed, S.A. de C.V.",CDMX
Analista administrativo de ventas / CPFR,,Grupo Comrap Administraciones,CDMX
Gerente de Almacén Farmacéutico,"$40,000 - $50,000  Mensual",,Edo. Méx.​
Coordinador de mantenimiento,,Gigante Verde S de RL de CV,Gto.
Coordinador Eléctrico Proyectos Industriales,,,Gto.
PROGRAMADOR .NET,"$20,000 - $25,000  Mensual",DR MEXICO,CDMX
Técnico en aire Acondicionado de Precisión,"$11,000 - $14,000  Mensual",CALA ingenieria y Desarrollo s.a d...,N.L.
Coordinador de Procesos y Mejora Continua,,,N.L.
Coord. de Proyectos de Instalaciones Especiales y Automatiza,"$25,000  Mensual",,CDMX
Ingeniero en sistemas,"$12,000 - $13,000  Mensual",DESARROLLO INTEGRAL CONSTRUCTIVO S...,Ciudad de México
Ingeniero IT/ Desarrollador,"$22,000 - $26,000  Mensual",María Isabel Cristina Rocha Mier,Qro.
Ingeniero en procesos PMO,,Liverpool,CDMX
Ingeniero Industrial en Mejora Continua,"$22,170  Mensual",SUKARNE AGROINDUSTRIAL S.A. DE C.V.,Sin.
Ingeniero de Diagnóstico Automotriz (bilingüe),,,N.L.
Especialista en Implementación de Proyectos,,Iron Mountain México S de RL de CV,Ciudad de México
Ingeniero en sistemas - (SIEM),"$15,000  Mensual",NETCONTROLL GROUP SA DE CV,CDMX
INGENIERO EN SISTEMAS (Experiencia en el sistema ALTAMIRA),,BBVA Bancomer,CDMX
INGENIERO DATA SCIENCE,"$30,000 - $32,000  Mensual",Sky,CDMX
Ingeniero programador proyectos HMI SCADA,,SINCI GDL S DE RL DE CV,Jal.
Ingeniero de Sitios Jr. (Manejo de Fibra óptica y OTDR),"$8,000 - $9,000  Mensual",Megacable,Pue.
INGENIERO DE SOPORTE SEGURIDAD,,Grupo Salinas,CDMX
Ingeniero Core Network,,Verveba Mexico S de RL de CV,Ciudad de México
Desarrollador SQL,"$16,000 - $18,000  Mensual",SOLUCIONES EN INDUSTRIA AUTOMOTRIZ...,Edo. Méx.​
Ingeniero Proyectista Mecánico,"$25,000 - $28,000  Mensual",SACMAG DE MEXICO,Ciudad de México
PROGRAMADOR / DESARROLLADOR SALESFORCE,,Interceramic,Chih.
Auditor de calidad Jr. en Obra,,INTER-METROPOLITANA DE VIVIENDA  S...,Gto.
Ingeniero de infraestructura,,"Gonet, S.A. de C.V.",Ciudad de México
Planeador de la demanda,"$35,000 - $40,000  Mensual",,CDMX
Gerente de operaciones,"$23,000 - $25,000  Mensual",Effective People SA de CV,Edo. Méx.​
Desarrollador de Base de datos Oracle - Híbrido,,Indra,Ciudad de México
Process Mining,,"GTIM SOFTWARE PROJECTS, S. DE R.L....",Ciudad de México
Coordinador de Instalaciones,"$20,000 - $30,000  Mensual",LOMA DESARROLLOS COMERCIALES SA DE...,Chih.
Ingeniero en procesos PMO,,Liverpool,CDMX
Ingeniero Operador de Sistemas Eléctricos,"$15,000 - $15,500  Mensual","Comercial City Fresko, S. de R.L. ...",CDMX
Ingeniero programador proyectos HMI SCADA,,SINCI GDL S DE RL DE CV,N.L.
Practicante Cadena de Suministro,,Asociados Home Depot,N.L.
INGENIERO SOPORTE SITIO (REDES),,"Grupo Siayec, S.A. de C.V.",CDMX
ANALISTA PROGRAMADOR,,Oñate Willy y Cia. S.C.,Qro.
LIDER DE APLICACIONES SALESFRCE,,Interceramic,Chih.
LIDER DE APLICACIONES SALESFRCE,,Interceramic,Chih.
PROGRAMADOR/ DESARROLLADOR SAP,,Interceramic,Chih.
Ingeniero de software,,ZAMTEST,Jal.
Analista de soporte técnico,,,Ciudad de México
DATA ENGINEER,,"Wipro Technologies, S.A. de C.V.",Ciudad de México
GERENTE SEGURIDAD INFRAESTRUCTURA AZURE,,Banorte,Ciudad de México
Ingeniero Civil (Recien Graduado),,TP OIL & GAS MEXICO S DE RL DE CV,BC.
Ingeniero de herramientas,"$45,000 - $50,000  Mensual",,Jal.
Ingeniero(a) de Software RM/Cobol,,TECHNORLY SA DE CV,Jal.
Analista de estimaciones,"$13,000 - $14,000  Mensual",STEPHANIE MARTINEZ OLVERA,Jal.
Ingeniero de software android,"$10,000 - $12,000  Mensual",,Yuc.
Ing. de Procesos Senior-exp Manejo Sólidos,"$30,000 - $40,000  Mensual",AMEC FOSTER WHEELER MEXICO S.A. DE...,N.L.
DBA Oracle Jr,"$13,000 - $16,000  Mensual",Getecsa,CDMX
Gerente de Desarrollo de Software,,,Ciudad de México
Ingeniero de soporte a aplicaciones,"$20,000 - $30,000  Mensual",,Ciudad de México
Data engineer,"$30,000 - $40,000  Mensual",Pocket de Latinoamerica SAPI de CV,Ciudad de México
Data Engineer,,UVI TECH SAPI DE CV,Ciudad de México
Data Engineer,,Michael Page,Ciudad de México
Data engineer,"$30,000 - $40,000  Mensual",M&GT Consulting,Ciudad de México
Data Engineer,,Intugo,Jal.
Data Engineer,,Loréal México,México
DATA ENGINEER,,"Wipro Technologies, S.A. de C.V.",Ciudad de México
Data engineer,"$35,000 - $40,000  Mensual",Banamex,CDMX
Data Engineer,,everis,Ciudad de México
DATA ENGINEER,,Impacto Estratégico Consulting Gro...,CDMX
Data engineer,,tibs sa de cv,N.L.
Data engineer,,N2S GLOBAL WORKFORCE SOLUTIONS S D...,México
Data engineer,,Softtek,México
Data Engineer,,PEOPLE XR,N.L.
Data Engineer,"$40,000 - $50,000  Mensual",bSide,Ciudad de México
Data Engineer,"$40,000 - $50,000  Mensual",bSide,Ciudad de México
Data engineer,,,CDMX
Data engineer,"$30,000 - $38,000  Mensual",Indra,CDMX
Data engineer,,"AZKA IT CONSULTING, SA DE CV",Ciudad de México
Data Engineer,,DAKSHA S. A. DE C. V,Jal.
Data engineer,"$50,000 - $80,000  Mensual",,Jal.
Data Engineer,,UST Global,Guanajuato
Data engineer,,Johnson Controls,N.L.
Data Engineer,"$40,000 - $50,000  Mensual",DIGITALAGILITY S DE RL DE CV,Ciudad de México
DATA ENGINEER,,Impacto Estratégico Consulting Gro...,CDMX
Data Engineer,,"Stefanini México, S.A. de C.V.",Ciudad de México
Data Engineer,"$30,000 - $40,000  Mensual",,N.L.
Data Engineer,,"GTIM SOFTWARE PROJECTS, S. DE R.L....",N.L.
Data Engineer,"$35,000 - $45,000  Mensual",Nestlé,Ciudad de México
Senior Data Engineer,,Unilink,N.L.
Big Data Engineer,,DIGITALAGILITY S DE RL DE CV,México
Azure Data Engineer,,Softtek,México
GCP Data Engineer,,ATOS GLOBAL DELIVERY CENTER  MEXIC...,Ciudad de México
GIS Data Engineer,"$10,000 - $12,000  Anual",Here,Gto.
Part Data Engineer,,AXIEM MEXICO S DE RL DE CV,Querétaro
Data Engineer (DBA),,IBM de México,Jal.
Data Engineer Sr,,"Chubb Servicios México, S.A. de C.V.",Ciudad de México
Data Engineer Spark,,IBM de México,Jal.
Senior Data Engineer,,"Magna Internacional de Mexico, S.A...",N.L.
Azure Data Engineer,"$80,000 - $88,000  Mensual","NORALOGIC, S. DE R.L. DE C.V.",México
Big Data Engineer,,"Stefanini México, S.A. de C.V.",México
Data Engineer BBVA,,BBVA Bancomer,CDMX
Hadoop Data Engineer,,Softtek,México
Spark Data Engineer,"$30,000 - $35,000  Mensual",Kairós Digital Solutions México,Ciudad de México
Sr. Data Engineer,,Michael Page,México
Senior Data Engineer,,Michael Page,N.L.
Big Data Engineer,,EPAM SYSTEM MEXICO S. DE R.L. DE CV,México
Sr Data engineer,,Softtek,México
Data Scientist - Data Engineer,,Ernst & Young,CDMX
Data Engineer (GCP) | CDMX,"$40,000 - $50,000  Mensual",Indra,Ciudad de México
Senior Data Engineer-Remote,"$10,000 - $12,000  Anual",Teradata,BC.
Sr Big Data Engineer,"$65,000 - $70,000  Mensual",Anzen Soluciones S.A. de C.V.,Ciudad de México
Data engineer bilingüe SR,"$35,000 - $45,000  Mensual","Manpower, S.A. de C.V.",Ciudad de México
Data engineer bilingüe Jr,"$17,000 - $27,000  Mensual","Manpower, S.A. de C.V.",Ciudad de México
Data Integration Engineer,,Hexaware Technologies,México
Data Base Engineer,,,Qro.
Data Operations Engineer,"$28,000 - $33,000  Mensual",AXA,CDMX
Sr. Business Intelligence Engineer / Data Engineer,,Oracle de México..,Jalisco
Back End Big Data Engineer,"$50,000 - $65,000  Mensual",,Ciudad de México
"Data Engineer (Python, Azure, Spark, SSIS)","$50,000 - $60,000  Mensual",BCM,México
Data Engineer - INGLES 90 -100% MEXICO,,SERVICIOS AXITY MEXICO S DE RL DE CV,Ciudad de México
Data Engineer Azure ( 100% Home Office ),,The Blue People S.A. de C.V.,N.L.
Data Engineer (Exp. en áreas Financieras o Contraloria),,Banamex,CDMX
Sr. Data Warehouse Engineer,"$75,000 - $78,000  Mensual","Trinity Rail de Mexico, S de RL de...",Qro.
Senior Data Science Engineer,"$10,000 - $12,000  Anual",Teradata,Estado de México
Data-Wireless Engineer (L3),,GEMINET SA DE CV,México
SQL DBA o Data Engineer Bilingüe (Empleo Remoto),"$105,000 - $120,000  Mensual",,Jal.
Data Engineer-ETL_Presencial Monterrey/NL,,Matersys Group,N.L.
Aero Part Data / Unit Engineer,,AXIEM MEXICO S DE RL DE CV,Qro.
Sr. Data Analytics Engineer (MES),,,Tamps.
Data Center Services Senior Engineer,,Adecco,Yuc.
"Data engineer (power BI or Tableau) Mty, GDL or Qro.",,Tata Consultancy Services,México
Sr. Software Engineer for Data Platform,,Michael Page,México
"Software Engineer Data (Ciudad de México, Miguel Hidalgo)",,BBVA Bancomer,Ciudad de México
HSS Engineer Cloud Unified Data Management,,"KORN FERRY MEXICO, S.C",Ciudad de México
Data Engineers GCP,,Indra,Ciudad de México
Data Engineers / Data Scientists Remotos en Startup,"$60,000 - $74,000  Mensual",Talento Hatchers SAPI de CV,Ciudad de México
"Academia de Data Engineers, experiencia requerida, remoto","$25,000 - $35,000  Mensual",ALICIA ANGELICA VAZQUEZ ESPINOZA,Ciudad de México
Product Associate,,UVI TECH SAPI DE CV,Ciudad de México
Ingeniero de datos,"$40,000 - $45,000  Mensual",Latin America Business Consulting ...,Ciudad de México
Business Intelligence Analyst,,Loréal México,México
Data Scientist for Financing (Machine Learning),,UVI TECH SAPI DE CV,México
Data Scientist for Pricing(Machine Learning),,UVI TECH SAPI DE CV,México
Salesforce Software Engineer (Marketing Cloud),,UVI TECH SAPI DE CV,Ciudad de México
Quality Control / Metrology Specialist,,KIA MEXICO S.A. DE C.V.,N.L.
Software development performance engineer,,"Infotree Servicios México, S.A. de...",México
Software Programmer,"$20,000 - $25,000  Mensual",PERFORMANCE COATINGS GROUP GLOBAL ...,Qro.
Networks and Telecommunications Engineer,,Michael Page,México
Infrastructure Analyst,,Banamex,Ciudad de México
Digital Tech Control & Hygiene Analyst,,Banamex,Ciudad de México
Tech Lead ATM Cajeros Automaticos,,Banamex,Ciudad de México
Marketing & Communications Specialist,,"American Express Company México, S...",Ciudad de México
Intermediate Process Engineer,,Banamex,Ciudad de México
.NET SOFTWARE DEVELOPER LEADER - Presencial,,,CDMX
Product Engineer,"$40,000 - $45,000  Mensual",Randstad,N.L.
Electrical CAD Design Engineer,"$35,000 - $45,000  Mensual",Quality & Productivity Excellence ...,Qro.
QA TESTER MANAGER (AUTOMATION) - Presencial,,AUTOCLAIMS SERVICIOS SA DE CV,CDMX
Production Buyer,,"Ford Motor Company, S.A de C.V (D.F)",CDMX
Dojo Agile Coach,,Banamex,Ciudad de México
Product Engineer New product development,"$40,000 - $45,000  Mensual",Randstad,Nuevo León
CX Tech Lead / Sol Arch Servicios Digitales,,Banamex,Ciudad de México
Main Tech Delivery Leader BNE,,Banamex,Ciudad de México
Telecom Network Planning and Optimization Engineer,,Huawei Technologies Engineering de...,Qro.
Info Sec Tech Lead Analyst - Tandem & Linux Platform / C13 (Divestiture),,Banamex,Ciudad de México
Líder Técnico - Digital S/W Eng Sr Analyst - C12,,Banamex,Ciudad de México
API Architecture Group Manager,,Banamex,México
Plant Superintendent,,,Coah.
BI Architect,,Michael Page,Ciudad de México
Customer support engineer,,THOMSON REUTERS MX SERVICIOS SA de...,Ciudad de México
Customer Service Administrative Assistant,"$20,000 - $25,000  Mensual",Elettric80 S de RL de CV,N.L.
Data developer,,BBVA Bancomer,Ciudad de México
DESARROLLADOR WEB JR,,AUTOCLAIMS SERVICIOS SA DE CV,Ciudad de México
Software Engineer,,Getecsa,N.L.
Project Engineer,,"Industrias Rheem, Planta Calentado...",Tamps.
Sales Engineer,"$17,000 - $20,000  Mensual",,Ciudad de México
sr. project engineer (npi),,"IACNA MEXICO V, S DE RL DE CV",N.L.
Sr. Tooling Engineer,,"IACNA MEXICO V, S DE RL DE CV",N.L.
Arquitecto Datos,,Proximidad,N.L.
Arquitecto de Datos,,Tecnológico de Monterrey,N.L.
Arquitecto de Datos,,,CDMX
Arquitecto de Datos,,Grupo Salinas,CDMX
ARQUITECTO DE DATOS,,"Compartamos Servicios, S.A. de C.V.",Ciudad de México
Arquitecto de Datos,,Operadora de Servicios Paquetexpre...,Sin.
Arquitecto de Datos,,,Ciudad de México
Arquitecto de soluciones de Datos,"$50,000 - $58,000  Mensual",BBVA Bancomer,CDMX
Arquitecto de Base de Datos,,Sinergia de Negocio Consultores,CDMX
Arquitecto de Datos/ Ecosistemas de Big data,"$60,000 - $70,000  Mensual",Smart Payment Solutions SA de CV,CDMX
Arquitecto Sr base de datos,"$90,000 - $100,000  Mensual",ZEGOVIA RH SA DE CV,Ciudad de México
Data Architect GCP (Arquitecto de Datos GCP),,Softtek,Ciudad de México
"ARQUITECTO TI JR ó SR (SOFTWARE, DATOS, CIBERSEGURIDAD)",,"Nacional Monte de Piedad, I.A.P.",Ciudad de México
Docente de asignatura nivel licenciatura,"$8,000  Mensual",Universidad del Valle de México,Qro.
Arquitecto de soluciones senior,"$65,000 - $80,000  Mensual",CREDICLUB SA DE CV SOCIEDAD FINANC...,N.L.
Arquitecto Middleware Integraciones - Proyecto,,Tecnológico de Monterrey,N.L.
Arquitecto de soluciones senior,"$55,000 - $60,000  Mensual","Servicios TVM de México, S.A. de C...",CDMX
Ingeniero Industrial en Mejora Continua,"$22,170  Mensual",SUKARNE AGROINDUSTRIAL S.A. DE C.V.,Sin.
Arquitecto de soluciones senior,,,CDMX
Auditor de calidad Jr. en Obra,,INTER-METROPOLITANA DE VIVIENDA  S...,Gto.
Analista de Datos IT,"$20,000 - $24,000  Mensual",PSM Asesores,CDMX
Arquitecto Cloud Jr,,Grupo Salinas,Qro.
Encargado de abastecimiento,"$22,000  Mensual",,Q. Roo
Analista de estimaciones,"$13,000 - $14,000  Mensual",STEPHANIE MARTINEZ OLVERA,Jal.
Arquitecto de Solución,"$60,000 - $65,000  Mensual",,CDMX
Arquitecto XAMARIN .NET,"$35,000 - $45,000  Mensual","Manpower, S.A. de C.V.",CDMX
ARQUITECTO IT,"$70,000 - $75,000  Mensual",NETA SYSTEMS S.A. DE C.V.,CDMX
INGENIERO DE SOPORTE (N2),"$33,000  Mensual",Pegaso PCS,N.L.
Gerencia de APP TI,"$45,000 - $50,000  Mensual",,N.L.
Arquitecto de soluciones,,CARDIF MEXICO SEGUROS GENERALES S....,CDMX
Coordinador de IAM / CIAM,,Celulares y accesorios del Sureste...,Yuc.
Arquitecto proyectista,"$12,000 - $14,000  Mensual",Grupo Inmobiliario Alhel,CDMX
Arquitecto Tecnico Infraestructura,,Proximidad,N.L.
Fullstack Developer,,Tecnológico de Monterrey,México
Arquitecto de soluciones,,KIO NETWORKS,Ciudad de México
Auditor de Calidad Jr en vivienda en serie,,INTER-METROPOLITANA DE VIVIENDA  S...,Nuevo León
Arquitecto Soluciones Nube-Multicapa,,AXTEL SAB DE CV,N.L.
Arquitecto de Soluciones Nube - Multicapa,,AXTEL SAB DE CV,Jal.
Arquitecto Soluciones Especiales Nube,,AXTEL SAB DE CV,N.L.
Ingeniero de presupuestos,"$14,000  Mensual",DENKEN PROYECTOS DE INGENIERIA SA ...,N.L.
Senior Software Architect,,,Ciudad de México
Arquitecto Infraestructura,"$62,000  Mensual",,CDMX
Arquitecto de software,"$60,000 - $70,000  Mensual",Consiss,Jal.
Arquitecto senior,,"Idom Ingeniería, S.A. de C.V.",CDMX
Arquitecto de software,,Enkontrol,N.L.
Arquitecto de Nube,"$29,900 - $29,970  Mensual","Herdez, S.A. de C.V.",CDMX
Lider de Presupuestos,,Tierra y Armonía,Jal.
ADMINISTRADOR DE COSTOS,"$17,500  Mensual",,Ciudad de México
Architect .NET,,Arroyo Consulting LLC,Ciudad de México
ANALISTA DE CONTROL PRESUPUESTAL / Y PRECIOS UNITARIOS,"$14,000 - $17,000  Mensual",COMUNA INMOBILIARIA ARDENAS SAPI D...,Edo. Méx.​
Arquitecto empresarial,,Arroyo Consulting LLC,México
Arquitecto de software,,Banamex,CDMX
Supervisor de obra,"$18,000 - $20,000  Mensual",EMSI PROFESIONISTAS ASOCIADOS,BCS.
Líder Técnico .NET,,Getecsa,México
Supervisor de obra,"$18,000 - $20,000  Mensual",EMSI PROFESIONISTAS ASOCIADOS,Yuc.
Analista de Presupuestos,"$14,000 - $16,000  Mensual",NG3000 SA DE CV,Yuc.
Consultor BI Sr.,,ProceTI,N.L.
Ingeniero Modelador de Datos,"$50,000  Mensual",,CDMX
Arquitecto de software,,OPTIMISSA CAPITAL MARKETS CONSULTI...,Ciudad de México
VENDOR SUCCESS SPECIALIST,"$15,500 - $16,500  Mensual",,Ciudad de México
ENCARGADO DE PRESUPUESTOS,"$14,500 - $16,000  Mensual",DESARROLLADORA Y MAS SA DE CV,Yuc.
Analista de presupuestos,"$15,000 - $17,000  Mensual","Control de Aire y Energia, S.A. de...",N.L.
Seguristas de Obra,"$19,000 - $21,000  Mensual",NUEVA WAL MART DE MEXICO S DE RL D...,CDMX
ARQUITECTO DE SISTEMAS - TI,,"Coppel, S.A. de C.V.",Ciudad de México
Analista de Compras,"$18,000  Mensual",INDUSTRIALIZADORA FAST FOOD SA DE CV,Jal.
Arquitecto de software,"$37,600 - $43,100  Mensual",PLATAFORMAS DIGITALES PUNTO COMMER...,Jal.
Arquitecto Soluciones Wireless,,AXTEL SAB DE CV,Nuevo León
Arquitecto de Software | Software Architect,"$75,000 - $80,000  Mensual",Alia,México
Arquitecto de soluciones TI,"$35,000 - $40,000  Mensual",,N.L.
Data Architect Sr.,,ProceTI,N.L.
Reclutador TI,"$14,000 - $16,000  Mensual",PRESERVE SYSTEMS SC,CDMX
Arquitecto/a Cloud,,Grupo Salinas,CDMX
URGENTE “COORDINADOR - ARQUITECTO IAM,,Indra,CDMX
Arquitecto Jr / Programación Go/Golang,"$30,000 - $34,000  Mensual","Stefanini México, S.A. de C.V.",CDMX
CIENTIFICO DE DATOS-VACANTE TEMPORAL DE 6 MESES -ALSEA,"$26,000 - $27,000  Mensual",OPERACION INTEGRAL DE RECURSOS SC,CDMX
BUSINESS INTELLIGENCE-VACANTE TEMPORAL POR 6 MESES ALSEA,"$40,000 - $42,000  Mensual",OPERACION INTEGRAL DE RECURSOS SC,CDMX
Coordinador de costos y presupuestos,"$18,000  Mensual",,Qro.
Administrador de Base de Datos y Middleware,,Tecnológico de Monterrey,N.L.
Arquitecto de soluciones TI Jr,,"Centro de Productividad Avanzada, ...",CDMX
Analista de costos y precios unitarios,"$25,000 - $30,000  Mensual",BUSCADOR DE TALENTOS HUMANOS S.A D...,BCS.
Implementador Amazon Web Service,,Grupo Salinas,CDMX
Arquitecto de Desarrollo Integración,"$50,000 - $60,000  Mensual","TEKNEI, SA DE CV",CDMX
"Consultor Sr. Data Management, Arquitecto","$35,000 - $45,000  Mensual","Cognodata México, S. de C.V. de R.L.",CDMX
Arquitecto de NUBE Sr,,Softtek,Ciudad de México
Arquitecto de soluciones,"$65,000 - $75,000  Mensual","Stefanini México, S.A. de C.V.",México
ARQUITECTO CIBERSEGURIDAD JR,,"Nacional Monte de Piedad, I.A.P.",Ciudad de México
Gerente de sistema TI,"$85,000 - $100,000  Mensual",GPSI Latinoamerica,Jal.
:::Gerente de Desarrollo de Aplicaciones:::,,Hitss,Ciudad de México
Arquitecto Software Sr,,AMAUTA CONSULTING SA DE CV,Sin.
Gerente Arquitecto Software Bilingue Mérida,"$90,000 - $100,000  Mensual",ReclutamientoIT,Yuc.
Ing. en Seguridad,,,Ciudad de México
Arquitecto de soluciones Jr (TI),,"K2 PARTNERING SOLUTIONS DE MEXICO,...",CDMX
Arquitecto MicroFocus,,Indra,Ciudad de México
Administrador de Servidores Linux,,"Coppel, S.A. de C.V.",Sin.
Arquitecto Software SR,,EXHIBIDORA MEXICANA CINEPOLIS SA D...,Ciudad de México
Arquitecto Microservicios ASP NET- REMOTO,"$70,000  Mensual",Softtek,México
Auxiliar de costos y Abastecimiento (pago honorarios),"$18,000 - $18,500  Mensual",,Jal.
Arquitecto de Soluciones de seguridad,,"Stefanini México, S.A. de C.V.",Ciudad de México
Arquitecto de Software,"$50,000 - $70,000  Mensual",ECOSISTEMEX S. DE R.L. DE C.V.,Ciudad de México
Arquitecto cloud,,"Stefanini México, S.A. de C.V.",Ciudad de México
***Arquitecto de Soluciones Cadena de Suministro***,,Softtek,México
Encargado de abastecimiento,"$22,000  Mensual",SOUL BR SA DE CV,Q. Roo
ARQUITECTO RESIDENTE DE OBRA,"$16,000 - $18,000  Mensual",OFIS DESIGN SA DE CV,N.L.
Arquitecto independiente,"$18,000 - $21,000  Mensual",,Ciudad de México
Supervisores de Obra,"$20,000 - $23,000  Mensual",NUEVA WAL MART DE MEXICO S DE RL D...,CDMX
Arquitecto Junior,,"Idom Ingeniería, S.A. de C.V.",CDMX
Auxiliar en Dirección Arquitectónica,,Ingeniería y Economía Transportmex...,Ciudad de México
Supervisión de Seguridad en Obras,"$20,000 - $23,000  Mensual",NUEVA WAL MART DE MEXICO S DE RL D...,CDMX
ARQUITECTO DE TELECOMUNICACIONES SR.,,Herramientas Truper,Ciudad de México
Residente de obra - Vivienda Vertical,"$18,000  Mensual",ALESSO PROMOCION ADMINISTRATIVA S ...,Ciudad de México
Superintendente de obra civil,"$38,000 - $40,000  Mensual",Lean People Centro de Evaluación d...,Qro.
Project management,"$40,000 - $50,000  Mensual",CBRE,Jal.
Arquitecto Administrativo - Experiencia en Obra y Compras,"$9,000 - $12,000  Mensual",SINERGIA CONSULTORIA DE NEGOCIOS S...,CDMX
Residente de obra,,"Proyectos y Construcciones Aries, ...",Jal.
Coordinador Control Documental.,"$25,000 - $29,000  Mensual",IC A,México
Project Manager (Retail),,CBRE,Ciudad de México
Analista de Negocio,,,Pue.
Analista de Negocio,,SEGUROS AFIRME,N.L.
Analista de Negocio TI,,"GTIM SOFTWARE PROJECTS, S. DE R.L....",N.L.
Analista de negocio,"$30,000 - $38,000  Mensual",AIT VANGUARDIA TECNOLÓGICA S. DE R...,CDMX
Analista de negocio,"$25,000 - $28,000  Mensual",RECLUTAMIENTO EN TECNOLOGIA,CDMX
Analista de negocio,"$27,000 - $30,000  Mensual",IDS Comercial,CDMX
Analista de negocio,"$7,000 - $7,300  Mensual",GDI GRUPO DIAMANTE INTERNACIONAL,Ciudad de México
Analista de negocio (BA),"$40,000 - $50,000  Mensual",,CDMX
Analista de negocio IT,"$40,000  Mensual","Stefanini México, S.A. de C.V.",Ciudad de México
Analista de Negocio *SCRUM*,,Softtek,CDMX
Analista de Negocio / Analista de datos IT,,,Jal.
Analista de Negocio Sr.- Privalia,,Grupo AXO,Edo. Méx.​
Analista de Negocio/Business Analysis,"$25,000 - $30,000  Mensual",COMPU-GEMM SA de CV,Ciudad de México
Analista de Procesos de Negocio,,"Nippon Seiki de México, S.A. de C.V.",N.L.
Business analyst Sr - Analista de Negocio,,Interware,Ciudad de México
IT Business Analyst - Analista de Negocio,"$30,000  Mensual",Avantare Consultores,CDMX
Analista Funcional/negocio TI JR CDMX,"$15,000 - $18,000  Mensual",SYGNO,Ciudad de México
ANALISTA DE PROCESOS DE NEGOCIO (IT).,,Samsung Electronics Digital Applia...,Qro.
Documentador tester,"$14,000 - $16,000  Mensual",Atracción de Consultores S.C.,CDMX
|BUSINESS ANALYST SR|,,Hitss,CDMX
Analista de base de datos,,Grupo Salinas,CDMX
IT Interbanking Product Owner Sr. Lead,,Banamex,Ciudad de México
IT Interbanking Business Analyst Sr. Lead,,Banamex,Ciudad de México
IT Interbanking Business Analyst Office Sr. Lead,,Banamex,Ciudad de México
Analista de riesgos,,KIO NETWORKS,Ciudad de México
Analista de Costos,,Page Personnel,México
Analista de Planeación Financiera,"$18,000 - $20,000  Mensual",,CDMX
Analista Gobierno de datos - BI,,Grupo Salinas,CDMX
Analista de riesgo,"$18,000  Mensual","SERVICIOS ESPECIALIZADOS SIMEX, S....",CDMX
Analista programador JR,"$25,000 - $30,000  Mensual",,N.L.
Analista de datos,"$47,000 - $53,000  Mensual",P3 IMPULSORES ESTRATEGICOS,CDMX
ANALISTA DE SEGURIDAD JR,,Grupo Salinas,CDMX
Analista de Apoyo de Operaciones 2,,Banamex,Ciudad de México
IT ANALISTA DE NEGOCIOS TUXEDO - Conocimiento Financiero,,Banamex,Ciudad de México
Analista de Certificaciones,,Servicios Broxel,CDMX
Analista de Ciberriesgos,"$35,000 - $40,000  Mensual",Grupo Salinas,Ciudad de México
Analista de Generación de Demanda Go to Market LAC,,BASF,CDMX
Analista Ciberriesgos (Procesos),"$30,000 - $40,000  Mensual",Grupo Salinas,Ciudad de México
Analista de procesos de negocios,,"FARMACIA GUADALAJARA, S.A. DE C.V.",Jal.
Business Analyst Manager,,Banamex,Ciudad de México
Fraud Ops Analyst - C09,,Banamex,Ciudad de México
ANALISTA DE ACTIVOS FIJOS,,Loréal México,México
Analista de Desempeño Comercial,,INTERCAM BANCO SA INSTITUCION DE B...,CDMX
Analista Contable LATAM- CANADA - Inglés Conversacional,"$25,000  Mensual",Aon México Business Support,Ciudad de México
VACANTE PAM22_ Analista de apoyo a Operaciones (Información de cliente),,Banamex,México
Apps Dev Sr. Programmer Analyst,,Banamex,Ciudad de México
ANALISTA DE MICROBIOLOGIA TEMPORAL,,Loréal México,México
Analista Financiero,,Tecnológico de Monterrey,N.L.
Analista business intelligence,"$25,000 - $28,000  Mensual",Walmart México,Ciudad de México
ANALISTA CALIDAD LINEAS UHT,,Jugos del Valle,Jal.
Key Management Governance,,Banamex,Ciudad de México
Key Management Governance,,Banamex,Ciudad de México
TTech_Analista SOC N1,,Pegaso PCS,Ciudad de México
ANALISTA DE COMPENSACIONES,,"MANSI SERVICIOS, S.C.",CDMX
TTech_Analista SOC N1,,Pegaso PCS,Ciudad de México
Consultor business Objects sap hana power bi TI,"$50,000 - $60,000  Mensual",Corporativo Laboral y Administrati...,Ciudad de México
Analista de demanda y Master data,"$18,000 - $21,000  Mensual",,Jal.
Analista Senior en Business Analytics C11,,Banamex,Ciudad de México
Analista Control de Costos Sr.,,AEROENLACES NACIONALES SA DE CV,Ciudad de México
Lider Analista Técnico de Desarrollo de Aplicaciones Mainframe,,Banamex,Ciudad de México
Proyect Manager Ejecutivo de Proyectos C10,,Banamex,Ciudad de México
Tech Lead AnalystforPaymentsSystem,,Banamex,Ciudad de México
Líder Analista Técnico de Desarrollo de aplicaciones Mainframe,,Banamex,Ciudad de México
Programador Analista Sr en Mainframe para Sist Pagos.,,Banamex,Ciudad de México
Operations Support Analyst 2,,Banamex,Puebla
Ops Sup Analyst 2 - C10,,Banamex,Ciudad de México
Seguimiento a operativo a sistema IVR Audiomatico,,Banamex,Ciudad de México
Gerente de Transacciones internacionales en Cash TTS,,Banamex,Ciudad de México
D2 Project Manager- C12,,Banamex,Ciudad de México
Production Planning & Control Supervisor,,Banamex,Ciudad de México
Project Sr. Analyst,,Banamex,Ciudad de México
Supervisor Capacitación CBSU/BSU,,Banamex,Ciudad de México
Proyect Manager// Ejecutivo de Proyectos C09,,Banamex,Ciudad de México
Analista de monitoreo y automatización,,Liverpool,CDMX
D2 - PMO Administrativo,,Banamex,Ciudad de México
Analista de Administración del Desempeño de Productos,,Banamex,Ciudad de México
IT Business Sr Analyst,,Banamex,México
Sr Tech Lead,,Banamex,Ciudad de México
Tech Lead Analyst for Payments System,,Banamex,Ciudad de México
Analista Intermedio Contable,,Banamex,Ciudad de México
Business Analyst / Data Scientist,,Banamex,Ciudad de México
Analista de Información Cobranza,,Banamex,Ciudad de México
Ejecutivo de Negocio Pyme - Regional Aguascalientes,,Banamex,Aguascalientes
"Ejecutivo de Negocio Pyme - Apodaca, Nuevo Leon",,Banamex,San Luis Potosí
IT Business Sr Analyst,,Banamex,México
Data - Information Regulatory Reporting Sr Anlst - C12,,Banamex,Ciudad de México
Production Planning & Control Supervisor,,Banamex,Ciudad de México
ANALISTA DE DATA ANALYTICS,,"Grupo Aeroportuario del Pacífico, ...",Jal.
Data - Regulatory Report Preparer support,,Banamex,Ciudad de México
Líder Técnico Java / Big Data / C12 / (R22033566),,Banamex,Ciudad de México
Analista contable fiscal,"$10,000 - $15,000  Mensual",Mastiff Group SA de CV,CDMX
Regulatory Report R29 preparer Support,,Banamex,Ciudad de México
Ejecutivo de Negocio Pyme - Regional Aguascalientes,,Banamex,Aguascalientes
EUC Champion Manager C12,,Banamex,Ciudad de México
Analista de la información BI Jr,"$12,000 - $15,000  Mensual",INTERCAM BANCO SA INSTITUCION DE B...,CDMX
PAM VACANTE - Tech Lead Infrastructure & Capacity Management,,Banamex,Ciudad de México
Analista de reclutamiento y selección,,,Ciudad de México
Compl AML Rsk Mgmt Intmd Anlst,,Banamex,Ciudad de México
ANALISTA DE AUDITORIA INTERNA AMBIENTAL,,"Grupo Aeroportuario del Pacífico, ...",Jal.
Arquitecto en Ciberseguridad,"$70,000 - $80,000  Mensual",,CDMX
Analista de métodos y procedimientos,,,CDMX
Analista de Facturación,,,CDMX
Analista de monitoreo,,Servicio Pan Americano de Protecci...,Ciudad de México
Analista Funcional FI /CO,,PALACE RESORTS.,Yuc.
Analista java,"$25,000 - $28,000  Mensual",,CDMX
Analista finanzas,"$23,000 - $25,500  Mensual",Cervecería Cuauhtémoc Moctezuma,Nuevo León
Analista de Cuentas por Pagar,,CBRE,CDMX
Analista de recursos humanos,,Acros Whirlpool,Gto.
Analista Administrativo Compras,,Jugos del Valle,Zac.
Analista de base de datos,"$8,000 - $10,000  Mensual",Femsa,CDMX
Analista de reclutamiento y selección,,Grupo Comercial Control,N.L.
Supervisor de Calidad en SGC,,Grupo Salinas,Edo. Méx.​
ANALISTA EN SEGURIDAD DE LA INFORMACIÓN Y GESTIÓN DE RIESGO,,,CDMX
ANALISTA DE NÓMINAS EN FÁBRICA,,Loréal México,México
Anaista de Cuentas por Pagar,"$15,260  Mensual",Administración Integral Firpo Izca...,Ciudad de México
Analista de tecnologías de la información,,Universidad del Valle de México,CDMX
ESPECIALISTA DE SEGURIDAD SR,,Grupo Salinas,CDMX
Administrador y Analista ERP & WMS,"$25,000 - $28,000  Mensual",,Jal.
ASISTENTE ADMINISTRATIVA_ Analista Quantum Connect,,Randstad,Estado de México
Analista comercial,,TIENDAS SORIANA,N.L.
ANALISTA DE CONTABILIDAD (AUDITORIA)- GP AUTOSERVICES,,Grupo Plasencia,Jal.
Analista de Ciberriesgos,,,CDMX
Analista financiero,"$31,000  Mensual",,Edo. Méx.​
ANALISTA DE CONTROL INTERNO,"$12,000 - $14,000  Mensual",TALENTOCONCREDITO,Sin.
ANALISTA PARA DESARROLLO DE PRODUCTOS FINANCIEROS,"$24,000 - $25,000  Mensual",Visionfund Mexico S.A. de C.V. Sof...,Ciudad de México
Analista de Tesoreria Jr,"$15,000 - $16,000  Mensual",,Jal.
Analista de operaciones bancarias,"$10,000 - $11,000  Mensual",INTERCAM BANCO SA INSTITUCION DE B...,Ciudad de México
Analista de capacitación y desarrollo,,Beta Procesos SA de CV,Gto.
ANALISTA DE SOPORTE COMERCIAL EN GNP SEGUROS,"$12,600 - $14,500  Mensual",Grupo Nacional Provincial,BC.
CONSULTOR ADMINISTRATIVO,,GIOVANI PROPUESTAS Y PROYECTOS ADM...,CDMX
Consultor BO,"$50,000 - $60,000  Mensual",,CDMX
Analista de Riesgos de Ciberseguridad,"$55,000 - $60,000  Mensual",,CDMX
Analista de atracción de talento,"$12,000 - $14,000  Mensual",Grupo Salinas,CDMX
Analista Cuantitativo en Investigación,"$14,000 - $15,000  Mensual",Grupo Salinas,CDMX
Analista de soporte técnico,,,Ciudad de México
Analista de Ingresos,,"Basáñez Consulting, Agente de Segu...",Jal.
Analista de Reclutamiento y Selección,"$9,000 - $9,001  Mensual",Grupo Salinas,Nay.
Analista Tuxedo,,"Stefanini México, S.A. de C.V.",México
ANALISTA ARRENDAMIENTO FINANCIERO,,Grupo Salinas,Ciudad de México
Implementador - Analista Funcional Jr. (Recien Egresado),,everis,N.L.
Business Analyst,,Softtek,Ciudad de México
Especialista Inteligencia y Analíticos,"$20,000 - $23,000  Mensual",Grupo Nacional Provincial,CDMX
Analista en seguridad de la información,,"Operadora de Desarrollo Social, S....",N.L.
Analista de monitoreo y automatización,,Liverpool,CDMX
Analista de compensaciones y organización,,"Emerson Electric de Mexico, S.A. d...",Ciudad de México
Gerente Gestión de Proyectos y Analista de Negocios,,Grupo Salinas,CDMX
Desarrollador Web /Tlalpan,"$25,000 - $30,000  Mensual",Banorte,CDMX
Analista de licitaciones,"$12,400  Mensual",Seguros Pensiones Banorte,CDMX
Analista de seguridad informática,,Fermaca.,Ciudad de México
Subgerencia de Automatización de Procesos,"$20,000 - $25,000  Mensual",,N.L.
::Analista de operaciones bancarias TEMPORAL::,"$12,500 - $14,000  Mensual",INTERCAM BANCO SA INSTITUCION DE B...,CDMX
Emisor recién egresado,,Seguros Sura,Ciudad de México
Analista Cuantitativo JR,"$14,000 - $15,000  Mensual",Grupo Salinas,CDMX
Analista de Alianzas,,Tecnológico de Monterrey,N.L.
Analista CRM,,Caffenio Oficina Sonora,Son.
Jefe Corporativo de Soporte Técnico.,"$20,000 - $23,000  Mensual",TURISAGA DE MEXICO SA DE CV,Jal.
Analista de Negocios/Procesos/Funcional TI,,SYGNO,Nuevo León
Business analyst,,Neoris(CEMTEC),N.L.
Analista administrativo,"$10,000 - $15,000  Mensual",Ingeniería en Computadoras y Siste...,CDMX
Gerente de Planeación Financiera Corporativo,,"Grupo Posadas, S.A.B. de C.V.",CDMX
Analista programador Web,"$25,000 - $28,000  Mensual",,CDMX
Analista de mesa de ayuda,,"Ajemex, S.A. de C.V.",Pue.
Analista de Complemento de Pago,,Grupo Modelo,Ags.
Analista compliance,"$15,000 - $19,000  Mensual",Malta Texo,Ciudad de México
Planeador / Programador de Mantenimiento,,HERSMEX S DE RL DE CV,N.L.
Analista de nóminas,,ACMIL SA DE CV,Sin.
Analista Batch,"$13,000 - $16,000  Mensual",Jugos del Valle,Edo. Méx.​
Business Application Analyst (HCM),,TECHNORLY SA DE CV,Jal.
Analista financiero jr,"$14,000 - $15,000  Mensual",Grupo Salinas,CDMX
Analista de riesgos financieros,,,Ciudad de México
Business analyst,"$9,000 - $12,000  Mensual",Team Builder S. de R. L. de C. V.,Ciudad de México
Business Analyst,"$34,000 - $36,000  Mensual",AIT VANGUARDIA TECNOLÓGICA S. DE R...,CDMX
Business Analyst,,Softtek,Ciudad de México
Business analyst,"$25,000  Mensual",,Ciudad de México
Business analyst,,Neoris(CEMTEC),N.L.
Business analyst,"$28,000 - $33,000  Mensual",Daltum Systems S.A de C.V.,México
Business Analyst,,Tecnológico de Monterrey,N.L.
BUSINESS ANALYST,"$30,000 - $35,000  Mensual","Acepte Soluciones Integrales, S. d...",Ciudad de México
Business analyst,"$16,000  Mensual",Te creemos Administración y Servic...,México
Business analyst,,MAIN CORE,CDMX
BUSINESS ANALYST,,Impacto Estratégico Consulting Gro...,CDMX
Business analyst,,,CDMX
Business analyst,"$31,000 - $33,000  Mensual",Santander,Querétaro
Business Analyst,,"Manpower, S.A. de C.V.",Ciudad de México
BUSINESS ANALYST,,"Wipro Technologies, S.A. de C.V.",Ciudad de México
Business Analyst,,Arroyo Consulting LLC,México
Business Analyst,,OPEN IT LATINO AMERICA SA DE CV,Querétaro
Business analyst,,SKANDIA OPERADORA DE FONDOS SA DE ...,CDMX
Business Analyst,,Grupo Salinas,CDMX
BUSINESS ANALYST,"$28,000 - $35,000  Mensual",BanCoppel,CDMX
Business analyst,,Softtek,Sin.
Business analyst,"$80,000 - $90,000  Mensual",NITYO INFOTECH CORPORATION MEXICO ...,México
Business analyst,,"Infosys Technologies, S. de R.L. d...",N.L.
Business analyst,"$25,000 - $28,000  Mensual",Monterrey IT Cluster,N.L.
Business analyst,"$15,000 - $18,000  Mensual",Out Helping,Qro.
Business analyst,"$30,000 - $35,000  Mensual",ECOSISTEMEX S. DE R.L. DE C.V.,Ciudad de México
Business analyst,,INGENIOSI SAPI DE CV,Ciudad de México
Business Analyst,"$21,200 - $21,201  Mensual",CALL CENTER SERVICES SA DE CV,BC.
Business analyst,,everis,CDMX
BUSINESS ANALYST,,Indra,Ciudad de México
Business Analyst,,WPP BUSINESS SERVICES,Ciudad de México
Business analyst,"$40,000 - $50,000  Mensual",Elettric80 S de RL de CV,N.L.
BUSINESS ANALYST,,Santander,Ciudad de México
IT Business Analyst,,Banamex,Ciudad de México
PAMIT Business Analyst,,Banamex,Ciudad de México
Business Analyst Manager,,Banamex,Ciudad de México
Business Analyst Bilingue,"$45,000 - $55,000  Mensual",NITYO INFOTECH CORPORATION MEXICO ...,Ciudad de México
Hybris Business Analyst,,Softtek,Aguascalientes
|BUSINESS ANALYST SR|,,Hitss,CDMX
Business Analyst - Bilingüe,"$30,000 - $36,000  Mensual",AIT VANGUARDIA TECNOLÓGICA S. DE R...,CDMX
BUSINESS ANALYST JR,,Praxis,CDMX
Business analyst sr,"$39,000 - $40,000  Mensual",,Ciudad de México
IT Business Analyst,"$60,000 - $65,000  Mensual",HUB INNOVA & TALENTO,Q. Roo
BUSINESS ANALYST/TOLUCA,,Praxis,Edo. Méx.​
Business Analyst ADI,,Nestlé,Ciudad de México
Business Analyst Jr,,ProceTI,N.L.
Business Analyst (Seguros),,,Ciudad de México
Sr Business Analyst,"$25,000 - $30,000  Mensual",Impacto Estratégico Consulting Gro...,Ciudad de México
:::BUSINESS ANALYST SR.:::,,Hitss,Ciudad de México
Business Analyst (Modeling),,IBM de México,Jal.
Business Analyst (Modeling),,IBM de México,Jal.
Business Analyst Jr,,Genpact Mexico,N.L.
IT Business Analyst,,PEOPLE XR,N.L.
PMO Business Analyst,,Banamex,Ciudad de México
Business Analyst Pr,,Softtek,Ciudad de México
IT Business Analyst,"$40,000 - $48,000  Mensual",HUB INNOVA & TALENTO,Ciudad de México
Business Analyst Bilingüe,"$30,000 - $40,000  Mensual","Stefanini México, S.A. de C.V.",Ciudad de México
Business Analyst TI - Bilngüe,"$20,000 - $25,000  Mensual",SYGNO,México
Business Analyst Specialist,,"KORN FERRY MEXICO, S.C",Querétaro
Senior business analyst,"$65,000 - $80,000  Mensual",THE BRICK SOLUCIONES TECNOLOGICAS SC,CDMX
Business Analyst - Diseño UX,"$30,000 - $35,000  Mensual",IDS Comercial,N.L.
Business Analyst / Data Scientist,,Banamex,Ciudad de México
D2 Business Analyst IT,,Banamex,México
D2 - PMO Business Analyst,,Banamex,Ciudad de México
IT Business Analyst 2,,Banamex,Ciudad de México
"Business Analyst | Reforma, CDMX",,UVI TECH SAPI DE CV,Ciudad de México
IT BUSINESS ANALYST TUXEDO,"$30,000 - $35,000  Mensual",Banamex,CDMX
Senior Systems/Business Analyst,,THINK HST,Ciudad de México
Technical Business Analyst - Salesforce,,Compucom GSC,Ciudad de México
Sr. Finance Business Analyst,,BOMBAS GRUNDFOS DE MEXICO MANUFACT...,N.L.
Sr Business Analyst IT,"$50,000 - $53,000  Mensual",HUB INNOVA & TALENTO,Ciudad de México
Business analyst TI Banca y Cobranza,"$45,000 - $50,000  Mensual",Banamex,CDMX
IT BUSINESS ANALYST (REMOTO),"$38,000 - $42,000  Mensual",SERVICIOS AXITY MEXICO S DE RL DE CV,CDMX
Business Analyst / QA Tester,,"Internacional de Sistemas, S.A. De...",N.L.
It sr business analyst,"$37,000 - $47,000  Mensual",DHL Express México S.A. de C.V,Ciudad de México
Analista de Negocios - Business Analyst,"$30,000 - $35,000  Mensual",,N.L.
IT Business Analyst (C12),,Banamex,CDMX
Business Analyst / Bilingüe - Remoto,"$40,000 - $45,000  Mensual","Internacional de Sistemas, S.A. De...",México
Business Intelligence Analyst,,Loréal México,México
Business Intelligence Analyst,,Oracle de México..,Ciudad de México
Business Intelligence Analyst,,Grupo Macmillan,Ciudad de México
Business Intelligence Analyst,,GLOBAL BRAND MANAGEMENT MEXICO S D...,Ciudad de México
Business Development Analyst,,ASPEN LABS SA DE CV,Edo. Méx.​
Business operations analyst,,SOLUCIONES MEDICAS COMERCIAL S.A. ...,Jal.
BUSINESS SYSTEMS ANALYST,,AutoZone,México
Business Data Analyst,,IBM de México,Jal.
Business Intelligence Analyst,,Michael Page,México
Business Intelligence Analyst,,Compucom GSC,Ciudad de México
Business system analyst,,Sanmina SCI,Nuevo León
Business Controlling Analyst,"$25,000 - $30,000  Mensual",Experis,CDMX
Business Data Analyst,"$26,000 - $28,000  Mensual","AIG Seguros Mexico, SA de C.V.",CDMX
Business intelligence analyst,,HERSMEX S DE RL DE CV,Jalisco
IT Agile Analyst / Business Analyst - Proyecto,,,N.L.
Business analyst Sr - Analista de Negocio,,Interware,Ciudad de México
IT Business Analyst Specialist (Bilingüe),,,Ciudad de México
IT Business Analyst - Analista de Negocio,"$30,000  Mensual",Avantare Consultores,CDMX
Business Analyst sin experiencia recién egresado,"$5,000 - $7,000  Mensual",Indra,CDMX
Business Analyst Funcional con Ingles Avanzado,"$45,000 - $50,000  Mensual",AIT VANGUARDIA TECNOLÓGICA S. DE R...,CDMX
Business Analyst temporal (3 MESES),,PROSA,CDMX
Sr Business Analyst - Financial Derivatives,,,México
IT Interbanking Business Analyst Sr. Lead,,Banamex,Ciudad de México
PAM IT Payments Business Analyst & Dev,,Banamex,Ciudad de México
"Business Analyst , Ops Integration, Amazon Logistics",,SERVICIOS COMERCIALES AMAZON MEXIC...,Estado de México
Oracle Cloud Business Analyst/ Super user,,"PRODENSA SERVICIOS DE CONSULTORIA,...",N.L.
Business Analyst - Banca Electrónica / Operaciones bancarias,"$27,000 - $32,000  Mensual",OPTIMISSA CAPITAL MARKETS CONSULTI...,Ciudad de México
"Business Analyst - Polanco, Ciudad de México  (Amazon)","$28,000 - $30,000  Mensual",Kelly Services,CDMX
IT SAP Business Analyst (MM & WM),,LEONI WIRING SYSTEMS MEXICANA SA D...,Son.
Business Analyst Intelligence(Ing. Sistemas/Desarrollador),,Jabil Circuit de México,Jal.
IT Business Sr Analyst,,Banamex,Ciudad de México
IT Business Sr Analyst,,Banamex,Ciudad de México
IT Business Intmd Analyst,,Banamex,Ciudad de México
IT Business Sr Analyst,,Banamex,Ciudad de México
IT Business Sr Analyst,,Banamex,México
IT Business Sr Analyst,,Banamex,México
Business Application Analyst (HCM),,TECHNORLY SA DE CV,Jal.
Sr Business Intelligence Analyst,,Johnson Controls,N.L.
Senior Business Intelligence Analyst,,Michael Page,México
IT Interbanking Business Analyst Office Sr. Lead,,Banamex,Ciudad de México
D2 Senior Business Analyst Collections & Contact Center,,Banamex,Ciudad de México
Sr Business Analyst/Contador/Analista financiero/Auditoria,,KOCH SHARED SERVICES MEXICO S DE R...,Jal.
Business Intelligence Sr. Analyst,,Banamex,Ciudad de México
Business Process Sr. Analyst,,Banamex,Ciudad de México
Business/System Analyst & Solution Designer,,"Manuchar Internacional, S.A. de C.V.",N.L.
Sr Business System Analyst IT,"$50,000 - $53,000  Mensual",HUB INNOVA & TALENTO,Ciudad de México
IT Business Unit Sr Analyst,,Banamex,Ciudad de México
IT Business Unit Sr Analyst,,Banamex,Ciudad de México
IT Business Unit Lead Analyst,,Banamex,Ciudad de México
IT Business Unit Lead Analyst,,Banamex,Ciudad de México
Finance Business Partner Senior Analyst FP&A,,Iron Mountain México S de RL de CV,México
Product Analyst,"$29,000  Mensual",HALAYEL CORPORATIVO SA DE CV,CDMX
Data/Information Mgt Int Anlst,,Banamex,Ciudad de México
Data/Information Mgt Int Anlst,,Banamex,Ciudad de México
IT Project Intmd Analyst,,Banamex,Ciudad de México
Officer - MCA Tester Data Chief Office C11,,Banamex,Ciudad de México
GYC - MCA Tester,,Banamex,Ciudad de México
MCA Tester,,Banamex,Ciudad de México
D2- Operations and Systems Analyst,,Banamex,Ciudad de México
Space Management Requirement,,Tata Consultancy Services,México
VACANTE PAM MIS Crédito de Nómina y Personales,,Banamex,Ciudad de México
Technology Workforce Analyst,,Banamex,Ciudad de México
Systems analyst,,Servicios y Productos Empresariale...,N.L.
Software Engineer,,Getecsa,N.L.
Analyst HRSSC Talent Management (Portuguese),"$19,000 - $22,000  Mensual",Johnson Controls,N.L.
Campaign Strategy Intermediate Analyst,,Banamex,Ciudad de México
Sales Operations Analyst,"$23,000 - $23,100  Mensual","SSBCC México, S. de R.L. de C.V.",BC.
Fraud Ops Analyst 1,,Banamex,Ciudad de México
Vacante Gerencia de Producto MSI,,Banamex,Ciudad de México
Treasury Risk Analyst Afore C10,,Banamex,Ciudad de México
Testing Tech Lead Analyst,,Banamex,Ciudad de México
L2 Production Management,,Banamex,Ciudad de México
PAM Vacante - App Owner,,Banamex,Ciudad de México
VACANTE - Apps Dev Sr. Programmer Anlyst,,Banamex,Ciudad de México
Testing Tech Lead Manager for Wealth Management,,Banamex,Ciudad de México
CRM Analyst,,UVI TECH SAPI DE CV,Ciudad de México
VACANTEPAM - AB Initio Technical Leader,,Banamex,Ciudad de México
PAM Vacante IT Project Senior Analyst - C12,,Banamex,Ciudad de México
Tech Owner Content Management,,Banamex,Ciudad de México
Compl Product Sr Analyst,,Banamex,Ciudad de México
Testing Sr Analyst,,Banamex,Ciudad de México
Tech Lead CX Digital Wealth,,Banamex,Ciudad de México
Strategy Lead Analyst,,Banamex,Ciudad de México
Vacante PAM - Tech Lead & Tech Owner,,Banamex,Ciudad de México
ComplAML KYC Analyst 2,,Banamex,Ciudad de México
Compl AML KYC Analyst 2,,Banamex,México
