Job,Company,Location,Average Salary
Data Analyst,P3 Impulsores Estrategicos,Ciudad de México,50000.0
Data Analyst,Corporativo Mek De México,Ciudad de México,
Data Analyst,Fidelity Marketing S.A De C.V,Ciudad de México,
Data Analyst,Universidad Tecnológica De México,Ciudad de México,13150.0
Data Analyst,Laboratorios Médicos Del Chopo,Ciudad de México,
Data Analyst,Conduent De México Sa De Cv,Chihuahua,8750.0
Data Analyst,Banamex,Ciudad de México,
Data Analyst,Grupo Comercial Control,Estado de México,8000.0
Data Analyst,"Ediciones Larousse, S.A. De C.V.",Ciudad de México,7500.0
Data Analyst,Auto Líneas América,Guanajuato,
Data Analyst,Gepp,Jalisco,9925.0
Data Analyst,Jeltm Asesores Fiscales,Ciudad de México,21000.0
Data Analyst,Adecco,Estado de México,26500.0
Data Analyst,Kukulcan Express Sa De Cv,Quintana Roo,11000.0
Data Analyst,Adecco,Ciudad de México,
Data Analyst,"Farmacia Guadalajara, S.A. De C.V.",Jalisco,
Data Analyst,Encontrack Sa De Cv,Ciudad de México,17500.0
Data Analyst,"Finya, S.A. De C.V.",Ciudad de México,10250.0
Data Analyst,"Junior De México, S.A. De C.V.",Ciudad de México,22500.0
Data Analyst,Llantas Cavazos Sa  De Cv,Nuevo León,11000.0
Data Analyst,"Marzam, S.A De C.V.",Ciudad de México,9750.0
Data Analyst,Prowork,Puebla,40000.0
Data Analyst,Embe Personal S.A. De C.V.,Yucatán,
Data Analyst,Gaim Regiomontana S.A De C.V,Nuevo León,13500.0
Data Analyst,Praxis,Estado de México,
Data Analyst,Price Shoes,Ciudad de México,12250.0
Data Analyst,Prefabricados Y Construcciones Ind...,Nuevo León,7500.0
Data Analyst,Banorte,Ciudad de México,24000.0
Data Analyst,Santander,Ciudad de México,
Data Analyst,Pepsico División Foods,Zacatecas,8350.0
Data Analyst,Pepsico División Foods,Zacatecas,8003.5
Data Analyst,Banorte,Nuevo León,
Data Analyst,Pepsico División Foods,Guanajuato,
Data Analyst,Grupo Evolve Interactive S.C.,Ciudad de México,18000.0
Data Analyst,Banorte,Nuevo León,
Data Analyst,Banorte,Nuevo León,
Data Analyst,Psm Asesores,Ciudad de México,22000.0
Data Analyst,Price Shoes,Ciudad de México,
Data Analyst,"Fisofo, S.A. De C.V., Sofom Er",Tamaulipas,8500.0
Data Analyst,Deloitte,Ciudad de México,
Data Analyst,Compras Centrales Y Administración...,Ciudad de México,23000.0
Data Analyst,Cuatro Networks S De Rl De Cv,Ciudad de México,17500.0
Data Analyst,Tecnológico De Monterrey,Nuevo León,
Data Analyst,Performance And People Consulting Sc,Ciudad de México,18250.0
Data Analyst,Grupo Salinas,Ciudad de México,
Data Analyst,Servicios Corporativos Ftm Sc,Estado de México,14500.0
Data Analyst,Unidad De Servicios Compartidos Gi...,Ciudad de México,12500.0
Data Analyst,"Servicios Tvm De México, S.A. De C...",Ciudad de México,19000.0
Data Analyst,Plm Premier Sapi De Cv,Ciudad de México,19000.0
Data Analyst,Universidad Univer Milenium Del Es...,Ciudad de México,
Data Analyst,Administración Integral Firpo Izca...,Ciudad de México,
Data Analyst,"Profesionales, Asesores Corporativ...",Ciudad de México,16500.0
Data Analyst,Bintech S.A De C.V,Ciudad de México,22500.0
Data Analyst,"Operativo Evenplan, S.C.",Ciudad de México,
Data Analyst,Randstad,Ciudad de México,
Data Analyst,"Pharmacore Group, Sa De Cv",Ciudad de México,29000.0
Data Analyst,Callcom Sa De Cv,Nuevo León,8000.0
Data Analyst,3F Bienestar Emocional Sa De Cv,Morelos,
Data Analyst,Softtek,Estado de México,19000.0
Data Analyst,Hitss,Ciudad de México,
Data Analyst,Out Helping,Querétaro,
Data Analyst,Banamex,Ciudad de México,
Data Analyst,Hortifrut S.A. De C.V.,Sinaloa,
Data Analyst,Banorte,Ciudad de México,17500.0
Data Analyst,Grupo Salinas,Ciudad de México,
Data Analyst,Grupo Prom,Ciudad de México,
Data Analyst,Pepsico División Foods,Oaxaca,8250.0
Data Analyst,F1 Management S.C,Ciudad de México,
Data Analyst,"Seguros Atlas, S.A.",Ciudad de México,
Data Analyst,Grupo Salinas,Ciudad de México,
Data Analyst,Ku-Bo Financiero Sa De Cv Sfp,Estado de México,21000.0
Data Analyst,Softtek,Nuevo León,
Data Analyst,Grupo Stt (Oficina Sonora),Ciudad de México,21300.0
Data Analyst,Grupo Stt (Oficina Sonora),Querétaro,21300.0
Data Analyst,Poncot,Ciudad de México,12999.5
Data Analyst,Banamex,Ciudad de México,
Data Analyst,Latin America Business Consulting ...,Estado de México,9000.0
Data Analyst,Santander,Querétaro,
Data Analyst,Grupo Salinas,Ciudad de México,
Data Analyst,"Computación, Datos Y Tecnología, S...",Estado de México,9375.0
Data Analyst,Grupo Salinas,Ciudad de México,
Data Analyst,"Asesores Y Consultores, S.C.",Ciudad de México,
Data Analyst,Grupo Salinas,Ciudad de México,32500.0
Data Analyst,"Operativo Evenplan, S.C.",Ciudad de México,
Data Analyst,Iluminación Especializada De Occid...,Jalisco,
Data Analyst,"Kansas City Southern De Mexico, S....",Nuevo León,
Data Analyst,Linde México,Ciudad de México,30084.0
Data Analyst,Te Creemos Administración Y Servic...,Ciudad de México,
Data Analyst,Marketstrat,Ciudad de México,16000.0
Data Analyst,"Xaalsa Empresarial, S.A. De C.V.",Ciudad de México,23500.0
Data Analyst,"Ferrocarril Mexicano, S.A. De C.V.",Ciudad de México,
Data Analyst,Iss Facility Services Mexico,Querétaro,27500.0
Data Analyst,"Manpower, S.A. De C.V.",Ciudad de México,
Data Analyst,Grupo Salinas,Ciudad de México,
Data Analyst,"Atento Servicios, S. A. De C.V.",Ciudad de México,
Data Analyst,Médica Sur,Ciudad de México,24500.0
Data Analyst,Pae Desarrollador Empresarial De L...,Ciudad de México,18500.0
Data Analyst,Credifiel,Ciudad de México,
Data Analyst,Dimex Capital,Nuevo León,16500.0
Data Analyst,"Bimbo, S.A. De C.V.",Ciudad de México,15500.0
Data Analyst,Kelly Services,Estado de México,
Data Analyst,Grupo Salinas,Ciudad de México,18300.0
Data Analyst,"Grupo Lala, S.A.",Ciudad de México,
Data Analyst,Aon Risk Solutions Agente De Segur...,Ciudad de México,
Data Analyst,Softtek,Jalisco,
Data Analyst,Softtek,Ciudad de México,
Data Analyst,Branchbit,Ciudad de México,
Data Analyst,Pae Desarrollador Empresarial De L...,Ciudad de México,
Data Analyst,Servicios Corporativos Contigo,Ciudad de México,20500.0
Data Analyst,Adecco,Ciudad de México,
Data Analyst,Banamex,Ciudad de México,
Data Analyst,"Manpower, S.A. De C.V.",Querétaro,
Data Analyst,Banamex,Ciudad de México,
Data Analyst,Banamex,Ciudad de México,
Business Analyst,Grupo Axo,Estado de México,
Data Analyst,Kimberly-Clark De México,Ciudad de México,
Data Analyst,Grupo American Industries,Chihuahua,24500.0
Data Analyst,Pepsico División Foods,Estado de México,
Data Analyst,Bbva Bancomer,Ciudad de México,
Data Analyst,Herbalife Internacional De Mexico ...,Jalisco,
Data Analyst,Adecco,Ciudad de México,55000.0
Data Analyst,Wiggot Evolucion Inmobiliaria Sapi...,Jalisco,28500.0
Data Analyst,Interware,Ciudad de México,31250.0
Data Analyst,Thales Security Solutions Services,Morelos,21000.0
Data Analyst,Sandvik Mining And Construction De...,Jalisco,16020.0
Data Analyst,Johnson Controls,Nuevo León,
Data Analyst,Pocket De Latinoamerica Sapi De Cv,Ciudad de México,8250.0
Data Analyst,Online Ventures S A P I De Cv,Ciudad de México,27500.0
Data Analyst,Axa,Ciudad de México,30500.0
Data Analyst,Ibm De México,Jalisco,
Data Analyst,Softtek,Nuevo León,
Data Analyst,Poder Justo S.A.P.I. De C.V.,Ciudad de México,19000.0
Data Analyst,Adecco,Ciudad de México,21500.0
Data Analyst,Autozone,Chihuahua,
Data Analyst,Indra,Ciudad de México,
Data Analyst,Eaton Corporation,Querétaro,
Data Analyst,"Aig Seguros Mexico, Sa De C.V.",Ciudad de México,27000.0
Data Analyst,Axa,Ciudad de México,31500.0
Data Analyst,Herbalife Internacional De Mexico ...,Jalisco,
Data Analyst,Banamex,Estado de México,
Data Analyst,Medica Santa Carmen Sapi De Cv,Querétaro,
Data Analyst,"Manpower, S.A. De C.V.",Ciudad de México,39500.0
Data Analyst,Randstad,Ciudad de México,
Data Analyst,Sss Carrier S De Rl De Cv,Nuevo León,
Data Analyst,"American Express Company México, S...",Ciudad de México,
Data Analyst,Pepsico División Foods,Estado de México,
Data Analyst,"Atento Servicios, S. A. De C.V.",Ciudad de México,55000.0
Data Analyst,Gm Financial.,Nuevo León,
Data Analyst,Pepsico División Foods,Estado de México,
Data Analyst,Banamex,Ciudad de México,
Data Analyst,Banamex,Estado de México,
Data Analyst,Banamex,Ciudad de México,
Data Analyst,Grupo Assa Abloy,Jalisco,17000.0
Data Analyst,Vertiv Mexico,Nuevo León,
Data Analyst,Banamex,Ciudad de México,
Data Analyst,Banamex,Ciudad de México,
Data Analyst,Softtek,Estado de México,
Data Analyst,Banamex,Ciudad de México,
Data Analyst,Banamex,Ciudad de México,
Data Analyst,Banamex,Querétaro,
Business Analyst,Banamex,Ciudad de México,
Data Architect,Banamex,Ciudad de México,
Business Analyst,Loréal México,Estado de México,
Business Analyst,Servicios Comerciales Amazon Mexic...,Estado de México,
Data Engineer,Banamex,Ciudad de México,
Business Analyst,Uvi Tech Sapi De Cv,Ciudad de México,
Business Analyst,Banamex,Ciudad de México,
Business Analyst,Banamex,Ciudad de México,
Business Analyst,Banamex,Ciudad de México,
Business Analyst,Banamex,Ciudad de México,
Business Analyst,Banamex,Ciudad de México,
Business Analyst,Banamex,Ciudad de México,
Business Analyst,Banamex,Estado de México,
Business Analyst,Banamex,Ciudad de México,
Data Scientist,Bancoppel,Ciudad de México,
Data Scientist,Banorte,Ciudad de México,
Data Scientist,Servicios Enki De Mexico Sapi De Cv,Ciudad de México,67500.0
Data Scientist,Instituto De Fertilidad Y Genetica...,Ciudad de México,30000.0
Data Scientist,Bbva Bancomer,Ciudad de México,
Data Scientist,Tecnológico De Monterrey,Nuevo León,
Data Scientist,Sky,Ciudad de México,40000.0
Data Scientist,Banorte,Ciudad de México,
Data Scientist,Adecco,Ciudad de México,
Data Scientist,Banorte,Ciudad de México,
Data Scientist,Monterrey It Cluster,Nuevo León,47500.0
Data Scientist,Embe Personal S.A. De C.V.,Yucatán,
Data Scientist,"Apoyo Al Desarrollo Mexicano, S.C.",Puebla,
Data Scientist,Ku-Bo Financiero Sa De Cv Sfp,Ciudad de México,
Data Scientist,Adecco,Ciudad de México,42250.0
Data Scientist,Banorte,Ciudad de México,56400.0
Data Scientist,Operacion Integral De Recursos Sc,Ciudad de México,26500.0
Data Scientist,Bbva Bancomer,Ciudad de México,
Data Scientist,Grupo Salinas,Ciudad de México,
Data Architect,Tecnológico De Monterrey,Nuevo León,
Data Engineer,M&Gt Consulting,Ciudad de México,35000.0
Business Analyst,Banamex,Ciudad de México,
Data Scientist,"Gtim Software Projects, S. De R.L....",Ciudad de México,
Data Architect,Bbva Bancomer,Ciudad de México,54000.0
Data Scientist,Bbva Bancomer,Ciudad de México,
Data Scientist,Indra,Ciudad de México,71500.0
Data Scientist,Digitalagility S De Rl De Cv,Ciudad de México,45000.0
Data Scientist,Poder Justo S.A.P.I. De C.V.,Ciudad de México,42500.0
Data Scientist,Indra,Ciudad de México,
Data Scientist,Softtek,Estado de México,
Data Scientist,"Internacional De Sistemas, S.A. De...",Estado de México,
Data Scientist,Ernst & Young,Ciudad de México,
Data Scientist,Pegaso Pcs,Ciudad de México,
Data Scientist,Banamex,Ciudad de México,
Data Scientist,Bbva Bancomer,Ciudad de México,
Data Scientist,"Cemex Central , S.A. De C.V.",Nuevo León,
Data Scientist,Cpi Aim De México,Ciudad de México,
Data Scientist,Axented Digital Communications Sa ...,Nuevo León,69000.0
Data Scientist,Complex Adaptive Systems Sapi De Cv,Ciudad de México,
Data Scientist,Adecco,Ciudad de México,
Data Scientist,Teleperformance,Ciudad de México,
Data Scientist,Teleperformance,Jalisco,
Data Scientist,Teleperformance,Nuevo León,
Data Scientist,Banamex,Ciudad de México,
Data Scientist,Uvi Tech Sapi De Cv,Estado de México,
Data Scientist,Uvi Tech Sapi De Cv,Estado de México,
Data Scientist,Servicios Axity Mexico S De Rl De Cv,Ciudad de México,
Data Scientist,Banamex,Ciudad de México,
Data Engineer,Daltum Systems S.A De C.V.,Nuevo León,23500.0
Data Engineer,Unilink,Nuevo León,
Data Architect,Vidanta,Jalisco,62500.0
Data Engineer,Latin America Business Consulting ...,Ciudad de México,42500.0
Data Engineer,Liverpool,Ciudad de México,
Data Engineer,Ait Vanguardia Tecnológica S. De R...,Ciudad de México,86000.0
Data Engineer,Celulares Y Accesorios Del Sureste...,Yucatán,
Data Engineer,Interware,Ciudad de México,
Data Engineer,Sky,Ciudad de México,31500.0
Data Engineer,Michael Page,Estado de México,
Data Engineer,Michael Page,Sinaloa,
Data Engineer,Consiss,Nuevo León,35000.0
Data Engineer,Ait Vanguardia Tecnológica S. De R...,Ciudad de México,42350.0
Data Engineer,"Office Depot De México, S.A. De C.V.",Ciudad de México,37500.0
Data Engineer,Movit Solution Group Sa De Cv,Nuevo León,
Data Engineer,Grupo Salinas,Ciudad de México,
Data Engineer,Interware,Ciudad de México,
Data Engineer,Sky,Ciudad de México,36000.0
Data Engineer,Sygno,Nuevo León,
Data Engineer,Kasai Mexicana,Guanajuato,
Data Engineer,Axtel Sab De Cv,Nuevo León,
Data Engineer,Axtel Sab De Cv,Nuevo León,
Data Engineer,Axa,Ciudad de México,50000.0
Data Engineer,Ait Vanguardia Tecnológica S. De R...,Ciudad de México,42500.0
Data Engineer,"Mundisource, Sa De Cv",Estado de México,
Data Engineer,Reto Industrial,Estado de México,
Data Engineer,Pocket De Latinoamerica Sapi De Cv,Ciudad de México,35000.0
Business Analyst,Team Builder S. De R. L. De C. V.,Ciudad de México,10500.0
Data Engineer,Banamex,Ciudad de México,
Data Engineer,Banamex,Ciudad de México,
Data Engineer,Banamex,Ciudad de México,
Data Engineer,"Wipro Technologies, S.A. De C.V.",Ciudad de México,
Data Engineer,Uvi Tech Sapi De Cv,Ciudad de México,
Data Engineer,Michael Page,Ciudad de México,
Data Engineer,Intugo,Jalisco,
Data Engineer,Loréal México,Estado de México,
Data Engineer,Banamex,Ciudad de México,37500.0
Data Engineer,Everis,Ciudad de México,
Data Engineer,Impacto Estratégico Consulting Gro...,Ciudad de México,
Data Engineer,Tibs Sa De Cv,Nuevo León,
Data Engineer,N2S Global Workforce Solutions S D...,Estado de México,
Data Engineer,Softtek,Estado de México,
Data Engineer,People Xr,Nuevo León,
Data Engineer,Bside,Ciudad de México,45000.0
Data Engineer,Indra,Ciudad de México,34000.0
Data Engineer,"Azka It Consulting, Sa De Cv",Ciudad de México,
Data Engineer,Daksha S. A. De C. V,Jalisco,
Data Engineer,Ust Global,Guanajuato,
Data Engineer,Johnson Controls,Nuevo León,
Data Engineer,Digitalagility S De Rl De Cv,Ciudad de México,45000.0
Data Engineer,"Stefanini México, S.A. De C.V.",Ciudad de México,
Data Engineer,"Gtim Software Projects, S. De R.L....",Nuevo León,
Data Engineer,Nestlé,Ciudad de México,40000.0
Data Engineer,Digitalagility S De Rl De Cv,Estado de México,
Data Engineer,Softtek,Estado de México,
Data Engineer,Atos Global Delivery Center  Mexic...,Ciudad de México,
Data Engineer,Here,Guanajuato,11000.0
Data Engineer,Axiem Mexico S De Rl De Cv,Querétaro,
Data Engineer,Ibm De México,Jalisco,
Data Engineer,"Chubb Servicios México, S.A. De C.V.",Ciudad de México,
Data Engineer,Ibm De México,Jalisco,
Data Engineer,"Magna Internacional De Mexico, S.A...",Nuevo León,
Data Engineer,"Noralogic, S. De R.L. De C.V.",Estado de México,84000.0
Data Engineer,"Stefanini México, S.A. De C.V.",Estado de México,
Data Engineer,Bbva Bancomer,Ciudad de México,
Data Engineer,Softtek,Estado de México,
Data Engineer,Kairós Digital Solutions México,Ciudad de México,32500.0
Data Engineer,Michael Page,Estado de México,
Data Engineer,Michael Page,Nuevo León,
Data Engineer,Epam System Mexico S. De R.L. De Cv,Estado de México,
Data Engineer,Softtek,Estado de México,
Data Engineer,Indra,Ciudad de México,45000.0
Data Engineer,Teradata,Baja California,11000.0
Data Engineer,Anzen Soluciones S.A. De C.V.,Ciudad de México,67500.0
Data Engineer,"Manpower, S.A. De C.V.",Ciudad de México,40000.0
Data Engineer,"Manpower, S.A. De C.V.",Ciudad de México,22000.0
Data Engineer,Hexaware Technologies,Estado de México,
Data Engineer,Axa,Ciudad de México,30500.0
Data Engineer,Oracle De México..,Jalisco,
Data Engineer,Bcm,Estado de México,55000.0
Data Engineer,Servicios Axity Mexico S De Rl De Cv,Ciudad de México,
Data Engineer,The Blue People S.A. De C.V.,Nuevo León,
Data Engineer,Banamex,Ciudad de México,
Data Engineer,"Trinity Rail De Mexico, S De Rl De...",Querétaro,76500.0
Data Engineer,Teradata,Estado de México,11000.0
Data Engineer,Geminet Sa De Cv,Estado de México,
Data Engineer,Matersys Group,Nuevo León,
Data Engineer,Axiem Mexico S De Rl De Cv,Querétaro,
Data Engineer,Adecco,Yucatán,
Data Engineer,Tata Consultancy Services,Estado de México,
Data Engineer,Michael Page,Estado de México,
Data Engineer,Bbva Bancomer,Ciudad de México,
Data Engineer,"Korn Ferry Mexico, S.C",Ciudad de México,
Data Engineer,Indra,Ciudad de México,
Data Scientist,Talento Hatchers Sapi De Cv,Ciudad de México,67000.0
Data Engineer,Alicia Angelica Vazquez Espinoza,Ciudad de México,30000.0
Data Architect,Proximidad,Nuevo León,
Data Architect,Grupo Salinas,Ciudad de México,
Data Architect,"Compartamos Servicios, S.A. De C.V.",Ciudad de México,
Data Architect,Operadora De Servicios Paquetexpre...,Sinaloa,
Data Architect,Sinergia De Negocio Consultores,Ciudad de México,
Data Architect,Smart Payment Solutions Sa De Cv,Ciudad de México,65000.0
Data Architect,Zegovia Rh Sa De Cv,Ciudad de México,95000.0
Data Architect,Softtek,Ciudad de México,
Data Architect,"Nacional Monte De Piedad, I.A.P.",Ciudad de México,
Data Architect,Proceti,Nuevo León,
Business Analyst,Seguros Afirme,Nuevo León,
Business Analyst,"Gtim Software Projects, S. De R.L....",Nuevo León,
Business Analyst,Ait Vanguardia Tecnológica S. De R...,Ciudad de México,34000.0
Business Analyst,Reclutamiento En Tecnologia,Ciudad de México,26500.0
Business Analyst,Ids Comercial,Ciudad de México,28500.0
Business Analyst,Gdi Grupo Diamante Internacional,Ciudad de México,7150.0
Business Analyst,"Stefanini México, S.A. De C.V.",Ciudad de México,
Business Analyst,Softtek,Ciudad de México,
Business Analyst,Compu-Gemm Sa De Cv,Ciudad de México,27500.0
Business Analyst,"Nippon Seiki De México, S.A. De C.V.",Nuevo León,
Business Analyst,Interware,Ciudad de México,
Business Analyst,Avantare Consultores,Ciudad de México,
Business Analyst,Sygno,Ciudad de México,16500.0
Business Analyst,Samsung Electronics Digital Applia...,Querétaro,
Business Analyst,Hitss,Ciudad de México,
Business Analyst,Banamex,Ciudad de México,
Business Analyst,Banamex,Ciudad de México,
Business Analyst,"Farmacia Guadalajara, S.A. De C.V.",Jalisco,
Business Analyst,Banamex,Ciudad de México,
Data Analyst,Femsa,Ciudad de México,9000.0
Business Analyst,Softtek,Ciudad de México,
Business Analyst,Grupo Salinas,Ciudad de México,
Business Analyst,Sygno,Nuevo León,
Business Analyst,Neoris(Cemtec),Nuevo León,
Business Analyst,Technorly Sa De Cv,Jalisco,
Business Analyst,Ait Vanguardia Tecnológica S. De R...,Ciudad de México,35000.0
Business Analyst,Daltum Systems S.A De C.V.,Estado de México,30500.0
Business Analyst,Tecnológico De Monterrey,Nuevo León,
Business Analyst,"Acepte Soluciones Integrales, S. D...",Ciudad de México,32500.0
Business Analyst,Te Creemos Administración Y Servic...,Estado de México,
Business Analyst,Main Core,Ciudad de México,
Business Analyst,Impacto Estratégico Consulting Gro...,Ciudad de México,
Business Analyst,Santander,Querétaro,32000.0
Business Analyst,"Manpower, S.A. De C.V.",Ciudad de México,
Business Analyst,"Wipro Technologies, S.A. De C.V.",Ciudad de México,
Business Analyst,Arroyo Consulting Llc,Estado de México,
Business Analyst,Open It Latino America Sa De Cv,Querétaro,
Business Analyst,Skandia Operadora De Fondos Sa De ...,Ciudad de México,
Business Analyst,Grupo Salinas,Ciudad de México,
Business Analyst,Bancoppel,Ciudad de México,31500.0
Business Analyst,Softtek,Sinaloa,
Business Analyst,Nityo Infotech Corporation Mexico ...,Estado de México,85000.0
Business Analyst,"Infosys Technologies, S. De R.L. D...",Nuevo León,
Business Analyst,Monterrey It Cluster,Nuevo León,26500.0
Business Analyst,Out Helping,Querétaro,16500.0
Business Analyst,Ecosistemex S. De R.L. De C.V.,Ciudad de México,32500.0
Business Analyst,Ingeniosi Sapi De Cv,Ciudad de México,
Business Analyst,Call Center Services Sa De Cv,Baja California,21200.5
Business Analyst,Everis,Ciudad de México,
Business Analyst,Indra,Ciudad de México,
Business Analyst,Wpp Business Services,Ciudad de México,
Business Analyst,Elettric80 S De Rl De Cv,Nuevo León,45000.0
Business Analyst,Santander,Ciudad de México,
Business Analyst,Nityo Infotech Corporation Mexico ...,Ciudad de México,50000.0
Business Analyst,Softtek,Aguascalientes,
Business Analyst,Ait Vanguardia Tecnológica S. De R...,Ciudad de México,33000.0
Business Analyst,Praxis,Ciudad de México,
Business Analyst,Hub Innova & Talento,Quintana Roo,62500.0
Business Analyst,Praxis,Estado de México,
Business Analyst,Nestlé,Ciudad de México,
Business Analyst,Proceti,Nuevo León,
Business Analyst,Impacto Estratégico Consulting Gro...,Ciudad de México,27500.0
Business Analyst,Hitss,Ciudad de México,
Business Analyst,Ibm De México,Jalisco,
Business Analyst,Genpact Mexico,Nuevo León,
Business Analyst,People Xr,Nuevo León,
Business Analyst,Banamex,Ciudad de México,
Business Analyst,Softtek,Ciudad de México,
Business Analyst,Hub Innova & Talento,Ciudad de México,44000.0
Business Analyst,"Stefanini México, S.A. De C.V.",Ciudad de México,35000.0
Business Analyst,Sygno,Estado de México,22500.0
Business Analyst,"Korn Ferry Mexico, S.C",Querétaro,
Business Analyst,The Brick Soluciones Tecnologicas Sc,Ciudad de México,72500.0
Business Analyst,Ids Comercial,Nuevo León,32500.0
Business Analyst,Banamex,Estado de México,
Business Analyst,Banamex,Ciudad de México,
Business Analyst,Banamex,Ciudad de México,32500.0
Business Analyst,Think Hst,Ciudad de México,
Business Analyst,Compucom Gsc,Ciudad de México,
Business Analyst,Bombas Grundfos De Mexico Manufact...,Nuevo León,
Business Analyst,Hub Innova & Talento,Ciudad de México,51500.0
Business Analyst,Banamex,Ciudad de México,47500.0
Business Analyst,Servicios Axity Mexico S De Rl De Cv,Ciudad de México,40000.0
Business Analyst,"Internacional De Sistemas, S.A. De...",Nuevo León,
Business Analyst,Dhl Express México S.A. De C.V,Ciudad de México,42000.0
Business Analyst,Banamex,Ciudad de México,
Business Analyst,"Internacional De Sistemas, S.A. De...",Estado de México,42500.0
Business Analyst,Oracle De México..,Ciudad de México,
Business Analyst,Grupo Macmillan,Ciudad de México,
Business Analyst,Global Brand Management Mexico S D...,Ciudad de México,
Business Analyst,Aspen Labs Sa De Cv,Estado de México,
Business Analyst,Soluciones Medicas Comercial S.A. ...,Jalisco,
Business Analyst,Autozone,Estado de México,
Business Analyst,Michael Page,Estado de México,
Business Analyst,Compucom Gsc,Ciudad de México,
Business Analyst,Sanmina Sci,Nuevo León,
Business Analyst,Experis,Ciudad de México,27500.0
Business Analyst,Hersmex S De Rl De Cv,Jalisco,
Business Analyst,Indra,Ciudad de México,6000.0
Business Analyst,Ait Vanguardia Tecnológica S. De R...,Ciudad de México,47500.0
Business Analyst,Prosa,Ciudad de México,
Business Analyst,Banamex,Ciudad de México,
Business Analyst,"Prodensa Servicios De Consultoria,...",Nuevo León,
Business Analyst,Optimissa Capital Markets Consulti...,Ciudad de México,29500.0
Business Analyst,Kelly Services,Ciudad de México,29000.0
Business Analyst,Leoni Wiring Systems Mexicana Sa D...,Sonora,
Business Analyst,Jabil Circuit De México,Jalisco,
Business Analyst,Johnson Controls,Nuevo León,
Business Analyst,Michael Page,Estado de México,
Business Analyst,Banamex,Ciudad de México,
Business Analyst,Koch Shared Services Mexico S De R...,Jalisco,
Business Analyst,Banamex,Ciudad de México,
Business Analyst,"Manuchar Internacional, S.A. De C.V.",Nuevo León,
Business Analyst,Hub Innova & Talento,Ciudad de México,51500.0
Business Analyst,Banamex,Ciudad de México,
Business Analyst,Iron Mountain México S De Rl De Cv,Estado de México,
